day,variant,total_alerts,z-score-outlier,Step-Change Detected,Variance Regime Change
20250614,default,510,279,231,0.0
20250615,default,489,273,216,0.0
20250616,default,487,267,220,0.0
20250617,default,503,274,229,0.0
20250618,default,523,280,243,0.0
20250619,default,505,278,227,0.0
20250620,default,502,275,227,0.0
20250621,default,484,272,212,0.0
20250622,default,508,278,230,0.0
20250623,default,474,274,200,0.0
20250624,default,460,268,192,0.0
20250625,default,492,268,224,0.0
20250626,default,480,271,209,0.0
20250627,default,487,272,215,0.0
20250628,default,469,261,208,0.0
20250629,default,493,273,220,0.0
20250630,default,498,275,223,0.0
20250701,default,486,275,211,0.0
20250702,default,503,277,226,0.0
20250703,default,490,274,216,0.0
20250704,default,493,270,223,0.0
20250705,default,492,283,209,0.0
20250706,default,499,278,221,0.0
20250707,default,509,284,225,0.0
20250708,default,521,283,238,0.0
20250709,default,481,265,216,0.0
20250710,default,503,275,228,0.0
20250711,default,511,280,231,0.0
20250712,default,487,272,215,0.0
20250713,default,474,270,204,0.0
20250714,default,489,269,220,0.0
20250715,default,525,289,236,0.0
20250716,default,511,284,227,0.0
20250717,default,517,287,230,0.0
20250718,default,514,285,229,0.0
20250719,default,503,278,225,0.0
20250720,default,489,267,222,0.0
20250721,default,490,274,216,0.0
20250722,default,491,269,222,0.0
20250723,default,489,275,214,0.0
20250724,default,500,267,233,0.0
20250725,default,508,274,234,0.0
20250726,default,508,285,223,0.0
20250727,default,477,257,220,0.0
20250728,default,466,260,206,0.0
20250729,default,506,278,228,0.0
20250730,default,495,272,223,0.0
20250731,default,509,281,228,0.0
20250801,default,518,281,237,0.0
20250802,default,476,269,207,0.0
20250803,default,483,275,208,0.0
20250804,default,521,280,241,0.0
20250805,default,477,274,203,0.0
20250806,default,471,276,195,0.0
20250807,default,493,276,217,0.0
20250808,default,489,270,219,0.0
20250809,default,510,276,234,0.0
20250810,default,501,275,226,0.0
20250811,default,490,272,218,0.0
20250812,default,533,286,247,0.0
20250813,default,533,288,245,0.0
20250814,default,482,272,210,0.0
20250815,default,502,272,230,0.0
20250816,default,506,275,231,0.0
20250817,default,508,280,228,0.0
20250818,default,494,280,214,0.0
20250819,default,506,276,230,0.0
20250820,default,498,279,219,0.0
20250821,default,502,275,227,0.0
20250822,default,527,288,239,0.0
20250823,default,510,280,230,0.0
20250824,default,470,260,210,0.0
20250825,default,525,286,239,0.0
20250826,default,518,283,235,0.0
20250827,default,525,287,238,0.0
20250828,default,530,290,240,0.0
20250829,default,505,280,225,0.0
20250830,default,501,278,223,0.0
20250831,default,514,277,237,0.0
20250901,default,531,290,241,0.0
20250902,default,495,284,211,0.0
20250903,default,508,281,227,0.0
20250904,default,479,262,217,0.0
20250905,default,520,281,239,0.0
20250906,default,487,282,205,0.0
20250907,default,486,275,211,0.0
20250908,default,522,283,239,0.0
20250909,default,463,260,203,0.0
20250910,default,518,279,239,0.0
20250911,default,513,284,229,0.0
20250912,default,507,277,230,0.0
20250913,default,485,277,208,0.0
20250914,default,470,277,193,0.0
20250915,default,462,271,191,0.0
20250916,default,484,271,213,0.0
20250917,default,499,281,218,0.0
20250918,default,509,283,226,0.0
20250919,default,469,269,200,0.0
20250920,default,458,266,192,0.0
20250921,default,510,278,232,0.0
20250922,default,487,270,217,0.0
20250923,default,479,270,209,0.0
20250924,default,485,266,219,0.0
20250925,default,498,272,226,0.0
20250926,default,487,275,212,0.0
20250927,default,512,282,230,0.0
20250928,default,486,277,209,0.0
20250929,default,499,278,221,0.0
20250930,default,510,274,236,0.0
20251001,default,532,286,246,0.0
20251002,default,511,282,229,0.0
20251003,default,505,281,224,0.0
20251004,default,505,275,230,0.0
20251005,default,479,265,214,0.0
20251006,default,473,270,203,0.0
20251007,default,490,271,219,0.0
20251008,default,451,260,191,0.0
20251009,default,504,274,230,0.0
20251010,default,492,270,222,0.0
20251011,default,505,278,227,0.0
20251012,default,481,270,211,0.0
20251013,default,494,278,216,0.0
20251014,default,495,275,220,0.0
20251015,default,512,277,235,0.0
20251016,default,512,274,238,0.0
20251017,default,514,277,237,0.0
20251018,default,489,270,219,0.0
20251019,default,507,279,228,0.0
20251020,default,468,263,205,0.0
20251021,default,513,280,233,0.0
20251022,default,473,265,208,0.0
20251023,default,517,283,234,0.0
20251024,default,492,267,225,0.0
20251025,default,510,277,233,0.0
20251026,default,488,283,205,0.0
20251027,default,499,281,218,0.0
20251028,default,498,286,212,0.0
20251029,default,519,281,238,0.0
20251030,default,514,281,233,0.0
20251031,default,509,283,226,0.0
20251101,default,464,263,201,0.0
20251102,default,482,270,212,0.0
20251103,default,475,265,210,0.0
20251104,default,484,274,210,0.0
20251105,default,479,265,214,0.0
20251106,default,468,262,206,0.0
20251107,default,481,269,212,0.0
20251108,default,482,267,215,0.0
20251109,default,517,281,236,0.0
20251110,default,440,254,186,0.0
20251111,default,480,269,211,0.0
20251112,default,491,269,222,0.0
20251113,default,486,274,212,0.0
20251114,default,481,266,215,0.0
20251115,default,478,256,222,0.0
20251116,default,473,266,207,0.0
20251117,default,524,281,243,0.0
20251118,default,520,286,234,0.0
20251119,default,490,280,210,0.0
20251120,default,500,277,223,0.0
20251121,default,474,270,204,0.0
20251122,default,462,259,203,0.0
20251123,default,472,262,210,0.0
20251124,default,513,279,234,0.0
20251125,default,171,105,66,0.0
20251126,default,341,181,160,0.0
20251127,default,478,268,210,0.0
20251128,default,493,268,225,0.0
20251129,default,491,270,221,0.0
20251130,default,463,250,213,0.0
20251201,default,492,270,222,0.0
20251202,default,509,282,227,0.0
20251203,default,525,289,236,0.0
20251204,default,504,287,217,0.0
20251205,default,475,283,192,0.0
20251206,default,473,278,195,0.0
20251207,default,456,272,184,0.0
20251208,default,553,292,261,0.0
20251209,default,521,283,238,0.0
20251210,default,496,274,222,0.0
20251211,default,477,263,214,0.0
20251212,default,465,260,205,0.0
20251213,default,492,278,214,0.0
20251214,default,503,281,222,0.0
20251215,default,445,257,188,0.0
20251216,default,471,274,197,0.0
20251217,default,480,271,209,0.0
20251218,default,508,277,224,7.0
20251219,default,492,271,221,0.0
20251220,default,493,268,225,0.0
20251221,default,484,263,221,0.0
20251222,default,506,281,225,0.0
20251223,default,509,285,224,0.0
20251224,default,496,270,226,0.0
20251225,default,515,282,233,0.0
20251226,default,472,262,210,0.0
20251227,default,491,275,216,0.0
20251228,default,491,269,222,0.0
20251229,default,502,275,227,0.0
20251230,default,491,273,218,0.0
20251231,default,455,255,200,0.0
20260101,default,497,273,224,0.0
20260102,default,482,265,217,0.0
20260103,default,497,277,220,0.0
20260104,default,536,289,247,0.0
20260105,default,503,278,225,0.0
20260106,default,502,282,220,0.0
20260107,default,483,273,210,0.0
20260108,default,477,275,202,0.0
20260109,default,502,276,226,0.0
20260110,default,501,278,223,0.0
20260111,default,493,274,219,0.0
20260112,default,459,262,197,0.0
20260113,default,469,264,205,0.0
20260114,default,536,287,249,0.0
20260115,default,515,273,242,0.0
20260116,default,477,261,216,0.0
20260117,default,512,278,234,0.0
20260118,default,491,276,215,0.0
20260119,default,497,273,224,0.0
20260120,default,505,282,223,0.0
20260121,default,508,273,235,0.0
20260122,default,486,274,212,0.0
20260123,default,494,272,222,0.0
20260124,default,487,266,221,0.0
20260125,default,467,261,206,0.0
20260126,default,179,102,77,0.0
20260127,default,303,166,137,0.0
20260128,default,523,291,232,0.0
20260129,default,500,281,219,0.0
20260130,default,492,284,208,0.0
20260131,default,484,262,222,0.0
20260201,default,513,278,235,0.0
20260202,default,517,282,235,0.0
20260203,default,484,269,215,0.0
20260204,default,511,285,226,0.0
20260205,default,504,269,235,0.0
20260206,default,485,271,214,0.0
20260207,default,488,272,216,0.0
20260208,default,483,272,211,0.0
20260209,default,482,269,213,0.0
20260210,default,493,271,222,0.0
20260211,default,476,266,210,0.0
20260212,default,512,285,227,0.0
20260213,default,511,281,230,0.0
20260214,default,508,281,227,0.0
20260215,default,447,247,200,0.0
20260216,default,475,260,215,0.0
20260217,default,499,282,217,0.0
20260218,default,464,264,200,0.0
20260219,default,491,272,219,0.0
20260220,default,500,272,228,0.0
20260221,default,529,282,247,0.0
20260222,default,467,273,194,0.0
20260223,default,468,265,203,0.0
20260224,default,487,264,223,0.0
20260225,default,478,270,208,0.0
20260226,default,491,275,216,0.0
20260227,default,489,265,224,0.0
20260228,default,517,282,235,0.0
20260301,default,503,278,225,0.0
20260302,default,483,270,213,0.0
20260303,default,499,278,221,0.0
20260304,default,504,280,224,0.0
20260305,default,496,273,223,0.0
20260306,default,493,275,218,0.0
20260307,default,487,270,217,0.0
20260308,default,504,275,229,0.0
20260309,default,488,276,212,0.0
20260310,default,510,281,229,0.0
20260311,default,497,268,229,0.0
20260312,default,505,274,231,0.0
20260313,default,495,273,222,0.0
20260314,default,473,265,208,0.0
20260315,default,476,264,212,0.0
20260316,default,502,269,233,0.0
20260317,default,493,273,220,0.0
20260318,default,497,274,223,0.0
20260319,default,479,269,210,0.0
20260320,default,460,264,196,0.0
20260321,default,488,271,217,0.0
20260322,default,465,268,197,0.0
20260323,default,485,269,216,0.0
20260324,default,204,110,94,0.0
20260325,default,319,177,142,0.0
20260326,default,462,261,201,0.0
20260327,default,487,273,214,0.0
20260328,default,483,269,214,0.0
20260329,default,478,264,214,0.0
20260330,default,480,268,212,0.0
20260331,default,498,273,225,0.0
20260401,default,497,276,221,0.0
20260402,default,467,264,203,0.0
20260403,default,491,271,220,0.0
20260404,default,524,284,240,0.0
20260405,default,497,272,225,0.0
20260406,default,508,277,231,0.0
20260407,default,487,268,219,0.0
20260408,default,490,273,217,0.0
20260409,default,493,272,221,0.0
20260410,default,485,275,210,0.0
20260411,default,501,272,229,0.0
20260412,default,493,273,220,0.0
20260413,default,491,269,222,0.0
20260414,default,509,283,226,0.0
20260415,default,488,275,213,0.0
20260416,default,470,265,205,0.0
20260417,default,480,264,216,0.0
20260418,default,497,271,226,0.0
20260419,default,482,271,211,0.0
20260420,default,482,267,215,0.0
20260421,default,493,269,224,0.0
20260422,default,505,285,220,0.0
20260423,default,508,281,227,0.0
20260424,default,481,272,209,0.0
20260425,default,466,271,195,0.0
20260426,default,488,283,205,0.0
20260427,default,469,282,187,0.0
20260428,default,483,286,197,0.0
20260429,default,472,273,199,0.0
20260430,default,485,268,217,0.0
20260501,default,492,270,222,0.0
20260502,default,488,271,217,0.0
20260503,default,495,276,219,0.0
20260504,default,462,262,200,0.0
20260505,default,474,263,211,0.0
20260506,default,452,260,192,0.0
20260507,default,481,271,210,0.0
20260508,default,480,270,210,0.0
20260509,default,476,272,204,0.0
20260510,default,508,272,236,0.0
20260511,default,498,277,221,0.0
20260512,default,474,265,209,0.0
20260513,default,478,273,205,0.0
20260514,default,484,276,208,0.0
20260515,default,478,262,216,0.0
20260516,default,478,269,209,0.0
20260517,default,490,274,216,0.0
20260518,default,494,274,220,0.0
20260519,default,482,277,205,0.0
20260520,default,497,276,221,0.0
20260521,default,513,284,229,0.0
20260522,default,516,280,236,0.0
20260523,default,474,262,212,0.0
20260524,default,491,273,218,0.0
20260525,default,470,269,201,0.0
20260526,default,487,271,216,0.0
20260527,default,494,268,226,0.0
20260528,default,477,267,210,0.0
20260529,default,488,267,221,0.0
20260530,default,484,263,221,0.0
20260531,default,481,269,212,0.0
20260601,default,454,256,198,0.0
20260602,default,473,265,208,0.0
20260603,default,498,281,217,0.0
20260604,default,510,276,234,0.0
20260605,default,481,272,209,0.0
20260606,default,498,273,225,0.0
20260607,default,495,276,219,0.0
20260608,default,472,278,194,0.0
20260609,default,503,274,229,0.0
20260610,default,486,267,219,0.0
20260611,default,457,256,201,0.0
20260612,default,500,265,235,0.0
20260613,default,478,269,209,0.0
