sensor,metric,granularity,old_period,new_period,old_n,new_n,old_n_eff,new_n_eff,old_mean,new_mean,mean_delta,old_std,new_std,old_min,old_max,new_min,new_max,cohens_d,std_ratio,p_welch,p_levene,mean_shift,variance_shift
IPS7100_MHC_001,pm1_0,week_to_week,2024-08-04,2024-08-11,71,2016,18.0,78.3,6.1973,10.0875,3.8901,0.8321,2.5698,4.1702,8.6108,2.8045,17.077,1.5367,3.0882,1.00e-15,4.15e-04,True,True
IPS7100_MHC_001,pm1_0,week_to_week,2024-08-11,2024-08-18,2016,2009,78.3,38.8,10.0875,4.2933,-5.7942,2.5698,2.4045,2.8045,17.077,1.1758,13.5879,-2.3277,0.9357,1.00e-15,2.73e-01,True,False
IPS7100_MHC_001,pm1_0,week_to_week,2024-08-18,2024-08-25,2009,2016,38.8,22.4,4.2933,10.6621,6.3688,2.4045,5.3221,1.1758,13.5879,1.6414,26.2898,1.541,2.2134,1.27e-05,5.26e-04,True,True
IPS7100_MHC_001,pm1_0,week_to_week,2024-08-25,2024-09-01,2016,2016,22.4,20.4,10.6621,3.6515,-7.0106,5.3221,3.5599,1.6414,26.2898,0.292,17.853,-1.548,0.6689,1.01e-05,2.27e-02,True,False
IPS7100_MHC_001,pm1_0,week_to_week,2024-09-01,2024-09-08,2016,2016,20.4,23.2,3.6515,4.7248,1.0733,3.5599,3.228,0.292,17.853,0.2878,18.5186,0.3158,0.9067,3.06e-01,2.50e-01,False,False
IPS7100_MHC_001,pm1_0,week_to_week,2024-09-08,2024-09-15,2016,1951,23.2,29.3,4.7248,3.407,-1.3178,3.228,2.3329,0.2878,18.5186,0.1223,15.1344,-0.4666,0.7227,1.06e-01,4.19e-02,False,False
IPS7100_MHC_001,pm1_0,week_to_week,2024-09-15,2024-09-22,1951,1482,29.3,45.0,3.407,3.2944,-0.1126,2.3329,1.701,0.1223,15.1344,0.2531,9.0806,-0.054,0.7292,8.23e-01,3.93e-01,False,False
IPS7100_MHC_001,pm1_0,week_to_week,2024-09-22,2024-09-29,1482,1986,45.0,60.7,3.2944,1.7706,-1.5238,1.701,1.4229,0.2531,9.0806,0.279,14.5159,-0.9842,0.8365,5.03e-06,7.89e-03,True,False
IPS7100_MHC_001,pm1_0,week_to_week,2024-09-29,2024-10-06,1986,2016,60.7,52.6,1.7706,3.0587,1.2882,1.4229,1.56,0.279,14.5159,0.5697,8.2551,0.8623,1.0964,1.37e-05,8.73e-02,True,False
IPS7100_MHC_001,pm1_0,week_to_week,2024-10-06,2024-10-13,2016,2016,52.6,89.8,3.0587,4.0736,1.0148,1.56,1.5356,0.5697,8.2551,1.2929,17.4649,0.6555,0.9843,2.72e-04,6.59e-01,True,False
IPS7100_MHC_001,pm1_0,week_to_week,2024-10-13,2024-10-20,2016,2015,89.8,54.8,4.0736,2.7022,-1.3714,1.5356,2.1707,1.2929,17.4649,0.283,26.4314,-0.7293,1.4136,9.57e-05,1.55e-01,True,False
IPS7100_MHC_001,pm1_0,week_to_week,2024-10-20,2024-10-27,2015,2016,54.8,20.4,2.7022,3.6662,0.964,2.1707,3.3961,0.283,26.4314,0.7707,35.926,0.3381,1.5646,2.44e-01,5.66e-01,False,False
IPS7100_MHC_001,pm1_0,week_to_week,2024-10-27,2024-11-03,2016,2016,20.4,25.7,3.6662,4.8005,1.1343,3.3961,2.9376,0.7707,35.926,0.7518,15.6545,0.3571,0.865,2.40e-01,1.78e-02,False,False
IPS7100_MHC_001,pm1_0,week_to_week,2024-11-03,2024-11-10,2016,2016,25.7,20.4,4.8005,4.3136,-0.4869,2.9376,5.8538,0.7518,15.6545,0.0386,38.1476,-0.1051,1.9927,7.35e-01,6.10e-01,False,False
IPS7100_MHC_001,pm1_0,week_to_week,2024-11-10,2024-11-17,2016,1673,20.4,16.9,4.3136,3.476,-0.8376,5.8538,4.9835,0.0386,38.1476,0.1524,28.681,-0.1529,0.8513,6.40e-01,4.94e-01,False,False
IPS7100_MHC_001,pm1_0,week_to_week,2024-11-17,2024-11-24,1673,1989,16.9,20.1,3.476,2.3389,-1.1371,4.9835,3.256,0.1524,28.681,0.0149,26.0868,-0.2749,0.6534,4.28e-01,8.81e-01,False,False
IPS7100_MHC_001,pm1_0,week_to_week,2024-11-24,2024-12-01,1989,2016,20.1,20.8,2.3389,5.1634,2.8245,3.256,4.575,0.0149,26.0868,0.2103,23.1,0.7104,1.4051,2.88e-02,2.72e-01,False,False
IPS7100_MHC_001,pm1_0,week_to_week,2024-12-01,2024-12-08,2016,2016,20.8,20.4,5.1634,8.6845,3.5211,4.575,8.8492,0.2103,23.1,0.2201,69.0083,0.4997,1.9343,1.21e-01,5.96e-01,False,False
IPS7100_MHC_001,pm1_0,week_to_week,2024-12-08,2024-12-15,2016,2016,20.4,20.4,8.6845,5.5291,-3.1555,8.8492,7.4208,0.2201,69.0083,0.1177,38.1008,-0.3863,0.8386,2.25e-01,9.70e-01,False,False
IPS7100_MHC_001,pm1_0,week_to_week,2024-12-15,2024-12-22,2016,2015,20.4,26.1,5.5291,4.6054,-0.9237,7.4208,3.108,0.1177,38.1008,0.3069,16.3412,-0.1623,0.4188,6.03e-01,7.56e-02,False,False
IPS7100_MHC_001,pm1_0,week_to_week,2024-12-22,2024-12-29,2015,1729,26.1,17.5,4.6054,8.1092,3.5038,3.108,6.9224,0.3069,16.3412,0.0918,36.1295,0.6701,2.2273,6.04e-02,4.06e-02,False,False
IPS7100_MHC_001,pm1_0,week_to_week,2024-12-29,2025-01-05,1729,2016,17.5,20.4,8.1092,6.4956,-1.6136,6.9224,6.9817,0.0918,36.1295,0.0188,37.3653,-0.232,1.0086,4.81e-01,9.12e-01,False,False
IPS7100_MHC_001,pm1_0,week_to_week,2025-01-05,2025-01-12,2016,2016,20.4,20.4,6.4956,4.7823,-1.7133,6.9817,5.7379,0.0188,37.3653,0.0674,32.1271,-0.268,0.8218,3.98e-01,5.47e-01,False,False
IPS7100_MHC_001,pm1_0,week_to_week,2025-01-12,2025-01-19,2016,2016,20.4,20.4,4.7823,3.675,-1.1073,5.7379,4.2343,0.0674,32.1271,0.0819,19.5033,-0.2195,0.738,4.88e-01,5.09e-01,False,False
IPS7100_MHC_001,pm1_0,week_to_week,2025-01-19,2025-01-26,2016,2016,20.4,20.4,3.675,4.4543,0.7793,4.2343,6.5445,0.0819,19.5033,0.1654,41.9851,0.1414,1.5456,6.55e-01,7.50e-01,False,False
IPS7100_MHC_001,pm1_0,week_to_week,2025-01-26,2025-02-02,2016,2016,20.4,20.4,4.4543,7.0894,2.6351,6.5445,7.0473,0.1654,41.9851,0.0748,35.3515,0.3874,1.0768,2.24e-01,2.79e-01,False,False
IPS7100_MHC_001,pm1_0,week_to_week,2025-02-02,2025-02-09,2016,2016,20.4,20.4,7.0894,12.4403,5.351,7.0473,9.871,0.0748,35.3515,0.9685,44.5766,0.6238,1.4007,5.44e-02,4.50e-01,False,False
IPS7100_MHC_001,pm1_0,week_to_week,2025-02-09,2025-02-16,2016,2016,20.4,20.4,12.4403,7.8312,-4.6092,9.871,6.5946,0.9685,44.5766,0.1385,29.6478,-0.549,0.6681,8.89e-02,2.06e-01,False,False
IPS7100_MHC_001,pm1_0,week_to_week,2025-02-16,2025-02-23,2016,2016,20.4,20.4,7.8312,4.5775,-3.2537,6.5946,4.1728,0.1385,29.6478,0.1033,22.9956,-0.5895,0.6328,6.89e-02,1.84e-01,False,False
IPS7100_MHC_001,pm1_0,week_to_week,2025-02-23,2025-03-02,2016,1884,20.4,19.0,4.5775,4.5911,0.0137,4.1728,5.4367,0.1033,22.9956,0.1248,30.7356,0.0028,1.3029,9.93e-01,5.14e-01,False,False
IPS7100_MHC_001,pm1_0,week_to_week,2025-03-02,2025-03-09,1884,2016,19.0,25.0,4.5911,4.1507,-0.4405,5.4367,3.9001,0.1248,30.7356,0.1402,24.3571,-0.0936,0.7174,7.67e-01,7.67e-01,False,False
IPS7100_MHC_001,pm1_0,week_to_week,2025-03-09,2025-03-16,2016,2016,25.0,20.4,4.1507,7.034,2.8834,3.9001,11.6962,0.1402,24.3571,0.2058,77.3614,0.3307,2.9989,2.98e-01,1.88e-01,False,False
IPS7100_MHC_001,pm1_0,week_to_week,2025-03-16,2025-03-23,2016,2015,20.4,59.5,7.034,1.9508,-5.0832,11.6962,1.3899,0.2058,77.3614,0.279,13.7306,-0.6101,0.1188,6.49e-02,4.41e-03,False,True
IPS7100_MHC_001,pm1_0,week_to_week,2025-03-23,2025-03-30,2015,2016,59.5,20.4,1.9508,4.8801,2.9292,1.3899,5.5576,0.279,13.7306,0.4222,31.9897,0.7229,3.9985,2.89e-02,7.68e-05,False,True
IPS7100_MHC_001,pm1_0,week_to_week,2025-03-30,2025-04-06,2016,1681,20.4,17.0,4.8801,7.1108,2.2307,5.5576,11.1805,0.4222,31.9897,0.0619,53.8877,0.2598,2.0117,4.62e-01,5.33e-01,False,False
IPS7100_MHC_001,pm1_0,week_to_week,2025-04-06,2025-04-13,1681,2016,17.0,69.1,7.1108,3.1003,-4.0105,11.1805,2.7416,0.0619,53.8877,0.4662,32.6101,-0.5136,0.2452,1.61e-01,2.64e-03,False,True
IPS7100_MHC_001,pm1_0,week_to_week,2025-04-13,2025-04-20,2016,2016,69.1,37.7,3.1003,4.0342,0.9338,2.7416,2.4356,0.4662,32.6101,0.1599,15.9186,0.36,0.8884,7.39e-02,4.98e-01,False,False
IPS7100_MHC_001,pm1_0,week_to_week,2025-04-20,2025-04-27,2016,1881,37.7,19.0,4.0342,3.0202,-1.014,2.4356,2.3834,0.1599,15.9186,0.1198,13.2552,-0.4205,0.9786,1.42e-01,8.99e-01,False,False
IPS7100_MHC_001,pm1_0,week_to_week,2025-04-27,2025-05-04,1881,2016,19.0,20.4,3.0202,3.3925,0.3723,2.3834,3.7126,0.1198,13.2552,0.1261,20.6835,0.1185,1.5577,7.09e-01,3.82e-01,False,False
IPS7100_MHC_001,pm1_0,week_to_week,2025-05-04,2025-05-11,2016,2016,20.4,92.1,3.3925,0.9707,-2.4218,3.7126,0.5477,0.1261,20.6835,0.0483,4.5691,-0.9124,0.1475,8.31e-03,7.22e-10,True,True
IPS7100_MHC_001,pm1_0,week_to_week,2025-05-11,2025-05-18,2016,2016,92.1,20.4,0.9707,6.7035,5.7329,0.5477,6.3572,0.0483,4.5691,0.4306,27.7658,1.2703,11.6061,6.35e-04,7.56e-15,True,True
IPS7100_MHC_001,pm1_0,week_to_week,2025-05-18,2025-05-25,2016,2016,20.4,20.4,6.7035,4.6143,-2.0892,6.3572,3.6104,0.4306,27.7658,0.0831,23.6698,-0.404,0.5679,2.07e-01,1.08e-01,False,False
IPS7100_MHC_001,pm1_0,week_to_week,2025-05-25,2025-06-01,2016,2016,20.4,20.4,4.6143,1.9024,-2.712,3.6104,2.4449,0.0831,23.6698,0.0488,14.3477,-0.8794,0.6772,8.24e-03,8.82e-02,True,False
IPS7100_MHC_001,pm1_0,week_to_week,2025-06-01,2025-06-08,2016,2012,20.4,41.2,1.9024,4.4676,2.5652,2.4449,2.4812,0.0488,14.3477,0.1137,14.5986,1.0412,1.0148,4.21e-04,1.92e-01,True,False
IPS7100_MHC_001,pm1_0,week_to_week,2025-06-08,2025-06-15,2012,2016,41.2,20.4,4.4676,2.9139,-1.5537,2.4812,3.0895,0.1137,14.5986,0.0804,15.6824,-0.5543,1.2452,5.68e-02,9.29e-01,False,False
IPS7100_MHC_001,pm1_0,week_to_week,2025-06-15,2025-06-22,2016,2016,20.4,30.7,2.9139,5.7317,2.8178,3.0895,3.454,0.0804,15.6824,0.1855,15.1017,0.8597,1.118,3.92e-03,1.65e-01,True,False
IPS7100_MHC_001,pm1_0,week_to_week,2025-06-22,2025-06-29,2016,2016,30.7,34.6,5.7317,2.1528,-3.5789,3.454,1.473,0.1855,15.1017,0.5175,8.414,-1.3475,0.4265,4.44e-06,2.31e-06,True,True
IPS7100_MHC_001,pm1_0,week_to_week,2025-06-29,2025-07-06,2016,2016,34.6,20.4,2.1528,6.8934,4.7406,1.473,5.5477,0.5175,8.414,0.6398,25.7341,1.1677,3.7661,1.11e-03,1.23e-06,True,True
IPS7100_MHC_001,pm1_0,week_to_week,2025-07-06,2025-07-13,2016,2015,20.4,34.2,6.8934,5.4629,-1.4305,5.5477,3.1605,0.6398,25.7341,0.8234,14.967,-0.3167,0.5697,2.96e-01,1.91e-02,False,False
IPS7100_MHC_001,pm1_0,week_to_week,2025-07-13,2025-07-20,2015,2016,34.2,24.9,5.4629,7.6721,2.2092,3.1605,4.1895,0.8234,14.967,1.0097,18.8247,0.5952,1.3256,3.24e-02,3.15e-01,False,False
IPS7100_MHC_001,pm1_0,week_to_week,2025-07-20,2025-07-27,2016,2016,24.9,69.7,7.6721,3.9093,-3.7628,4.1895,1.7337,1.0097,18.8247,0.7851,12.6569,-1.1734,0.4138,1.78e-04,6.53e-05,True,True
IPS7100_MHC_001,pm1_0,week_to_week,2025-07-27,2025-08-03,2016,2016,69.7,33.8,3.9093,6.0192,2.1099,1.7337,3.2239,0.7851,12.6569,0.5423,16.196,0.8149,1.8595,9.30e-04,9.64e-03,True,True
IPS7100_MHC_001,pm1_0,week_to_week,2025-08-03,2025-08-10,2016,2016,33.8,20.4,6.0192,7.5082,1.489,3.2239,5.5173,0.5423,16.196,0.7148,25.1373,0.3295,1.7114,2.77e-01,1.51e-02,False,False
IPS7100_MHC_001,pm1_0,week_to_week,2025-08-10,2025-08-17,2016,2016,20.4,47.3,7.5082,4.1721,-3.3361,5.5173,2.0766,0.7148,25.1373,0.7689,11.8115,-0.8001,0.3764,1.48e-02,6.80e-05,False,True
IPS7100_MHC_001,pm1_0,week_to_week,2025-08-17,2025-08-24,2016,2016,47.3,52.4,4.1721,4.3532,0.1811,2.0766,1.8994,0.7689,11.8115,1.38,11.5047,0.091,0.9147,6.52e-01,7.97e-01,False,False
IPS7100_MHC_001,pm1_0,week_to_week,2025-08-24,2025-08-31,2016,2016,52.4,20.4,4.3532,6.9521,2.5989,1.8994,5.3236,1.38,11.5047,0.103,35.1528,0.6501,2.8027,4.32e-02,1.76e-02,False,False
IPS7100_MHC_001,pm1_0,week_to_week,2025-08-31,2025-09-07,2016,2016,20.4,20.4,6.9521,5.5837,-1.3684,5.3236,4.397,0.103,35.1528,0.3248,21.4076,-0.2802,0.8259,3.77e-01,8.78e-01,False,False
IPS7100_MHC_001,pm1_0,week_to_week,2025-09-07,2025-09-14,2016,2016,20.4,48.2,5.5837,5.5761,-0.0077,4.397,2.2859,0.3248,21.4076,1.3804,13.4976,-0.0022,0.5199,9.94e-01,3.58e-02,False,False
IPS7100_MHC_001,pm1_0,week_to_week,2025-09-14,2025-09-21,2016,2016,48.2,29.2,5.5761,8.9962,3.4201,2.2859,4.1282,1.3804,13.4976,1.306,20.8469,1.0247,1.8059,1.99e-04,2.20e-03,True,True
IPS7100_MHC_001,pm1_0,week_to_week,2025-09-21,2025-09-28,2016,2016,29.2,42.5,8.9962,2.8314,-6.1648,4.1282,1.6925,1.306,20.8469,0.3594,9.6427,-1.9536,0.41,6.24e-09,1.56e-04,True,True
IPS7100_MHC_001,pm1_0,week_to_week,2025-09-28,2025-10-05,2016,2016,42.5,42.2,2.8314,3.8287,0.9973,1.6925,1.9383,0.3594,9.6427,0.7322,12.1327,0.548,1.1452,1.37e-02,6.20e-01,False,False
IPS7100_MHC_001,pm1_0,week_to_week,2025-10-05,2025-10-12,2016,2016,42.2,41.3,3.8287,2.5168,-1.3119,1.9383,1.4226,0.7322,12.1327,0.4874,10.175,-0.7715,0.734,7.15e-04,1.38e-01,True,False
IPS7100_MHC_001,pm1_0,week_to_week,2025-10-12,2025-10-19,2016,2016,41.3,37.9,2.5168,3.2472,0.7305,1.4226,2.1082,0.4874,10.175,0.1459,11.3636,0.4061,1.4819,7.80e-02,6.28e-02,False,False
IPS7100_MHC_001,pm1_0,week_to_week,2025-10-19,2025-10-26,2016,2016,37.9,20.4,3.2472,4.0675,0.8202,2.1082,7.1774,0.1459,11.3636,0.1015,48.466,0.155,3.4045,6.19e-01,1.74e-01,False,False
IPS7100_MHC_001,pm1_0,week_to_week,2025-10-26,2025-11-02,2016,2016,20.4,20.4,4.0675,3.2686,-0.7988,7.1774,3.8038,0.1015,48.466,0.0624,26.4498,-0.139,0.53,6.61e-01,6.87e-01,False,False
IPS7100_MHC_001,pm1_0,week_to_week,2025-11-02,2025-11-09,2016,2016,20.4,50.7,3.2686,1.9093,-1.3593,3.8038,1.2487,0.0624,26.4498,0.0332,10.4839,-0.4801,0.3283,1.29e-01,4.10e-04,False,True
IPS7100_MHC_001,pm1_0,week_to_week,2025-11-09,2025-11-16,2016,2016,50.7,29.6,1.9093,1.7536,-0.1557,1.2487,1.4907,0.0332,10.4839,0.2487,13.1712,-0.1132,1.1938,6.34e-01,9.69e-01,False,False
IPS7100_MHC_001,pm1_0,week_to_week,2025-11-16,2025-11-23,2016,2016,29.6,20.4,1.7536,5.5501,3.7964,1.4907,4.7432,0.2487,13.1712,0.2338,23.4096,1.0796,3.1818,2.05e-03,4.58e-04,True,True
IPS7100_MHC_001,pm1_0,week_to_week,2025-11-23,2025-11-30,2016,1729,20.4,17.5,5.5501,4.8414,-0.7087,4.7432,7.684,0.2338,23.4096,0.1089,54.8419,-0.1129,1.62,7.41e-01,8.71e-01,False,False
IPS7100_MHC_001,pm1_0,week_to_week,2025-11-30,2025-12-07,1729,2016,17.5,20.4,4.8414,16.9365,12.0951,7.684,10.9131,0.1089,54.8419,0.6191,52.1561,1.265,1.4202,3.35e-04,5.38e-02,True,False
IPS7100_MHC_001,pm1_0,week_to_week,2025-12-07,2025-12-14,2016,2016,20.4,20.4,16.9365,8.549,-8.3875,10.9131,9.6557,0.6191,52.1561,0.0556,52.8806,-0.8138,0.8848,1.33e-02,3.56e-01,False,False
IPS7100_MHC_001,pm1_0,week_to_week,2025-12-14,2025-12-21,2016,2016,20.4,121.8,8.549,3.4317,-5.1173,9.6557,5.1092,0.0556,52.8806,0.0,104.7781,-0.6623,0.5291,2.93e-02,3.82e-04,False,True
IPS7100_MHC_001,pm1_0,week_to_week,2025-12-21,2025-12-28,2016,2016,121.8,20.4,3.4317,4.5884,1.1567,5.1092,3.5974,0.0,104.7781,0.2777,23.4007,0.2617,0.7041,2.18e-01,7.44e-01,False,False
IPS7100_MHC_001,pm1_0,week_to_week,2025-12-28,2026-01-04,2016,2016,20.4,20.4,4.5884,4.2644,-0.3241,3.5974,4.6995,0.2777,23.4007,0.2461,23.1105,-0.0774,1.3064,8.06e-01,3.06e-01,False,False
IPS7100_MHC_001,pm1_0,week_to_week,2026-01-04,2026-01-11,2016,2016,20.4,20.4,4.2644,5.2094,0.945,4.6995,7.1608,0.2461,23.1105,0.0457,41.0088,0.156,1.5238,6.22e-01,4.46e-01,False,False
IPS7100_MHC_001,pm1_0,week_to_week,2026-01-11,2026-01-18,2016,2016,20.4,68.7,5.2094,1.1299,-4.0795,7.1608,1.0062,0.0457,41.0088,0.0497,8.8368,-0.7976,0.1405,1.88e-02,3.09e-06,False,True
IPS7100_MHC_001,pm1_0,week_to_week,2026-01-18,2026-01-25,2016,2016,68.7,20.4,1.1299,5.0573,3.9274,1.0062,4.6927,0.0497,8.8368,0.1056,25.8643,1.157,4.6639,1.27e-03,3.80e-05,True,True
IPS7100_MHC_001,pm1_0,week_to_week,2026-01-25,2026-02-01,2016,1729,20.4,17.5,5.0573,8.9033,3.8459,4.6927,6.8933,0.1056,25.8643,0.7305,37.8794,0.6614,1.4689,5.85e-02,3.79e-01,False,False
IPS7100_MHC_001,pm1_0,week_to_week,2026-02-01,2026-02-08,1729,2016,17.5,20.4,8.9033,4.2554,-4.6479,6.8933,4.2039,0.7305,37.8794,0.114,18.3267,-0.8285,0.6099,2.11e-02,1.28e-01,False,False
IPS7100_MHC_001,pm1_0,week_to_week,2026-02-08,2026-02-15,2016,1980,20.4,20.4,4.2554,4.0557,-0.1997,4.2039,3.2032,0.114,18.3267,0.0396,16.682,-0.0534,0.762,8.66e-01,2.55e-01,False,False
IPS7100_MHC_001,pm1_0,week_to_week,2026-02-15,2026-02-22,1980,2016,20.4,20.4,4.0557,1.4186,-2.6371,3.2032,1.3467,0.0396,16.682,0.1503,7.7606,-1.0764,0.4204,2.03e-03,3.13e-04,True,True
IPS7100_MHC_001,pm1_0,week_to_week,2026-02-22,2026-03-01,2016,2016,20.4,25.7,1.4186,3.0922,1.6735,1.3467,2.3924,0.1503,7.7606,0.6254,17.9515,0.8619,1.7765,4.69e-03,6.44e-02,True,False
IPS7100_MHC_001,pm1_0,week_to_week,2026-03-01,2026-03-08,2016,2016,25.7,33.9,3.0922,2.3361,-0.7561,2.3924,1.5329,0.6254,17.9515,0.5766,11.1302,-0.3762,0.6408,1.70e-01,1.53e-01,False,False
IPS7100_MHC_001,pm1_0,week_to_week,2026-03-08,2026-03-15,2016,2014,33.9,26.2,2.3361,1.7867,-0.5494,1.5329,1.9292,0.5766,11.1302,0.0868,18.3642,-0.3153,1.2585,2.38e-01,8.92e-01,False,False
IPS7100_MHC_001,pm1_0,week_to_week,2026-03-15,2026-03-22,2014,2016,26.2,49.2,1.7867,0.9787,-0.808,1.9292,0.741,0.0868,18.3642,0.0847,8.6893,-0.5529,0.3841,4.81e-02,1.31e-03,False,True
IPS7100_MHC_001,pm1_0,week_to_week,2026-03-22,2026-03-29,2016,1729,49.2,34.7,0.9787,1.5082,0.5295,0.741,0.9452,0.0847,8.6893,0.1094,8.582,0.6291,1.2756,7.74e-03,2.64e-02,True,False
IPS7100_MHC_001,pm1_0,week_to_week,2026-03-29,2026-04-05,1729,2016,34.7,39.0,1.5082,1.7649,0.2568,0.9452,1.1849,0.1094,8.582,0.0457,8.4105,0.2375,1.2536,3.05e-01,1.00e-01,False,False
IPS7100_MHC_001,pm1_0,week_to_week,2026-04-05,2026-04-12,2016,2016,39.0,21.4,1.7649,1.7496,-0.0154,1.1849,1.7824,0.0457,8.4105,0.1917,10.9309,-0.0101,1.5042,9.72e-01,7.22e-01,False,False
IPS7100_MHC_001,pm1_0,week_to_week,2026-04-12,2026-04-19,2016,2016,21.4,45.9,1.7496,2.1711,0.4216,1.7824,1.2462,0.1917,10.9309,0.1589,8.6144,0.2741,0.6992,3.32e-01,7.82e-01,False,False
IPS7100_MHC_001,pm1_0,week_to_week,2026-04-19,2026-04-26,2016,2016,45.9,20.4,2.1711,4.5545,2.3834,1.2462,4.9722,0.1589,8.6144,0.274,23.5813,0.6574,3.9897,4.52e-02,2.17e-03,False,True
IPS7100_MHC_001,pm1_0,week_to_week,2026-04-26,2026-05-03,2016,2016,20.4,20.4,4.5545,5.0484,0.4938,4.9722,6.6364,0.274,23.5813,0.1675,25.5482,0.0842,1.3347,7.90e-01,3.30e-01,False,False
IPS7100_MHC_001,pm1_0,week_to_week,2026-05-03,2026-05-10,2016,2016,20.4,20.4,5.0484,2.0573,-2.9911,6.6364,2.5522,0.1675,25.5482,0.2383,14.0615,-0.5948,0.3846,6.93e-02,1.55e-02,False,False
IPS7100_MHC_001,pm1_0,week_to_week,2026-05-10,2026-05-17,2016,2016,20.4,20.4,2.0573,1.5449,-0.5124,2.5522,1.6378,0.2383,14.0615,0.3228,12.9963,-0.2389,0.6417,4.51e-01,3.04e-01,False,False
IPS7100_MHC_001,pm1_0,week_to_week,2026-05-17,2026-05-24,2016,2016,20.4,20.4,1.5449,3.1699,1.625,1.6378,2.9054,0.3228,12.9963,0.2821,15.8414,0.6889,1.774,3.57e-02,2.24e-02,False,False
IPS7100_MHC_001,pm1_0,week_to_week,2026-05-24,2026-05-31,2016,865,20.4,31.4,3.1699,1.4206,-1.7492,2.9054,0.7588,0.2821,15.8414,0.3516,5.4375,-0.7092,0.2612,1.47e-02,1.94e-03,False,True
IPS7100_MHC_001,pressure,week_to_week,2024-08-04,2024-08-11,71,2016,71.0,20.4,989.0771,992.9651,3.888,16.0616,3.3574,861.4906,993.5544,985.8059,999.2768,0.8763,0.209,6.24e-02,9.08e-01,False,False
IPS7100_MHC_001,pressure,week_to_week,2024-08-11,2024-08-18,2016,2009,20.4,20.3,992.9651,992.5318,-0.4333,3.3574,1.4341,985.8059,999.2768,988.9357,995.7977,-0.1677,0.4271,5.97e-01,2.26e-04,False,True
IPS7100_MHC_001,pressure,week_to_week,2024-08-18,2024-08-25,2009,2016,20.3,20.4,992.5318,993.8144,1.2826,1.4341,1.8934,988.9357,995.7977,989.6194,998.6596,0.7633,1.3203,2.00e-02,6.17e-02,False,False
IPS7100_MHC_001,pressure,week_to_week,2024-08-25,2024-09-01,2016,2016,20.4,20.4,993.8144,994.8349,1.0205,1.8934,1.8375,989.6194,998.6596,990.1582,998.9499,0.5469,0.9705,8.89e-02,2.94e-01,False,False
IPS7100_MHC_001,pressure,week_to_week,2024-09-01,2024-09-08,2016,2016,20.4,780.4,994.8349,995.9654,1.1305,1.8375,2.9409,990.1582,998.9499,888.5533,999.5766,0.4609,1.6005,1.34e-02,8.52e-01,False,False
IPS7100_MHC_001,pressure,week_to_week,2024-09-08,2024-09-15,2016,1951,780.4,19.7,995.9654,991.1913,-4.774,2.9409,3.1686,888.5533,999.5766,986.39,999.3036,-1.5623,1.0774,2.17e-06,2.33e-01,True,False
IPS7100_MHC_001,pressure,week_to_week,2024-09-15,2024-09-22,1951,1482,19.7,15.0,991.1913,989.6968,-1.4945,3.1686,1.7236,986.39,999.3036,986.5344,993.9761,-0.5652,0.544,8.59e-02,1.68e-01,False,False
IPS7100_MHC_001,pressure,week_to_week,2024-09-22,2024-09-29,1482,1986,15.0,20.1,989.6968,990.4593,0.7625,1.7236,1.777,986.5344,993.9761,986.749,994.1119,0.4345,1.0309,2.11e-01,8.40e-01,False,False
IPS7100_MHC_001,pressure,week_to_week,2024-09-29,2024-10-06,1986,2016,20.1,20.4,990.4593,994.1189,3.6596,1.777,2.4047,986.749,994.1119,989.6367,997.9503,1.7286,1.3533,3.26e-06,2.40e-01,True,False
IPS7100_MHC_001,pressure,week_to_week,2024-10-06,2024-10-13,2016,2016,20.4,20.4,994.1189,994.9489,0.83,2.4047,1.9347,989.6367,997.9503,991.3859,1000.4012,0.3802,0.8046,2.33e-01,2.85e-01,False,False
IPS7100_MHC_001,pressure,week_to_week,2024-10-13,2024-10-20,2016,2015,20.4,20.4,994.9489,1001.2508,6.3019,1.9347,4.1879,991.3859,1000.4012,991.981,1009.2567,1.9316,2.1646,1.33e-06,2.87e-03,True,True
IPS7100_MHC_001,pressure,week_to_week,2024-10-20,2024-10-27,2015,2016,20.4,20.4,1001.2508,997.4275,-3.8233,4.1879,2.9317,991.981,1009.2567,990.274,1002.8485,-1.0575,0.7,1.84e-03,1.21e-01,True,False
IPS7100_MHC_001,pressure,week_to_week,2024-10-27,2024-11-03,2016,2016,20.4,20.4,997.4275,993.8509,-3.5765,2.9317,3.3498,990.274,1002.8485,984.9928,999.4533,-1.1359,1.1426,8.44e-04,5.18e-01,True,False
IPS7100_MHC_001,pressure,week_to_week,2024-11-03,2024-11-10,2016,2016,20.4,2016.0,993.8509,984.9959,-8.8551,3.3498,0.0,984.9928,999.4533,984.9959,984.9959,-3.7374,0.0,2.27e-10,1.00e-15,True,True
IPS7100_MHC_001,pressure,week_to_week,2024-11-10,2024-11-17,2016,1673,2016.0,1673.0,984.9959,984.9959,0.0,0.0,0.0,984.9959,984.9959,984.9959,984.9959,0.0,1.0,1.00e+00,1.00e+00,False,False
IPS7100_MHC_001,pressure,week_to_week,2024-11-17,2024-11-24,1673,1989,1673.0,1989.0,984.9959,984.9959,0.0,0.0,0.0,984.9959,984.9959,984.9959,984.9959,0.0,1.0,1.00e+00,1.00e+00,False,False
IPS7100_MHC_001,pressure,week_to_week,2024-11-24,2024-12-01,1989,2016,1989.0,2016.0,984.9959,984.9959,0.0,0.0,0.0,984.9959,984.9959,984.9959,984.9959,0.0,1.0,1.00e+00,1.00e+00,False,False
IPS7100_MHC_001,pressure,week_to_week,2024-12-01,2024-12-08,2016,2016,2016.0,2016.0,984.9959,984.9959,0.0,0.0,0.0,984.9959,984.9959,984.9959,984.9959,0.0,1.0,1.00e+00,1.00e+00,False,False
IPS7100_MHC_001,pressure,week_to_week,2024-12-08,2024-12-15,2016,2016,2016.0,2016.0,984.9959,984.9959,0.0,0.0,0.0,984.9959,984.9959,984.9959,984.9959,0.0,1.0,1.00e+00,1.00e+00,False,False
IPS7100_MHC_001,pressure,week_to_week,2024-12-15,2024-12-22,2016,2015,2016.0,2015.0,984.9959,984.9959,0.0,0.0,0.0,984.9959,984.9959,984.9959,984.9959,0.0,1.0,1.00e+00,1.00e+00,False,False
IPS7100_MHC_001,pressure,week_to_week,2024-12-22,2024-12-29,2015,1729,2015.0,1729.0,984.9959,984.9959,0.0,0.0,0.0,984.9959,984.9959,984.9959,984.9959,0.0,1.0,1.00e+00,1.00e+00,False,False
IPS7100_MHC_001,pressure,week_to_week,2024-12-29,2025-01-05,1729,2016,1729.0,2016.0,984.9959,984.9959,0.0,0.0,0.0,984.9959,984.9959,984.9959,984.9959,0.0,1.0,1.00e+00,1.00e+00,False,False
IPS7100_MHC_001,pressure,week_to_week,2025-01-05,2025-01-12,2016,2016,2016.0,2016.0,984.9959,984.9959,0.0,0.0,0.0,984.9959,984.9959,984.9959,984.9959,0.0,1.0,1.00e+00,1.00e+00,False,False
IPS7100_MHC_001,pressure,week_to_week,2025-01-12,2025-01-19,2016,2016,2016.0,2016.0,984.9959,984.9959,0.0,0.0,0.0,984.9959,984.9959,984.9959,984.9959,0.0,1.0,1.00e+00,1.00e+00,False,False
IPS7100_MHC_001,pressure,week_to_week,2025-01-19,2025-01-26,2016,2016,2016.0,2016.0,984.9959,984.9959,0.0,0.0,0.0,984.9959,984.9959,984.9959,984.9959,0.0,1.0,1.00e+00,1.00e+00,False,False
IPS7100_MHC_001,pressure,week_to_week,2025-01-26,2025-02-02,2016,2016,2016.0,2016.0,984.9959,984.9959,0.0,0.0,0.0,984.9959,984.9959,984.9959,984.9959,0.0,1.0,1.00e+00,1.00e+00,False,False
IPS7100_MHC_001,pressure,week_to_week,2025-02-02,2025-02-09,2016,2016,2016.0,2016.0,984.9959,984.9959,0.0,0.0,0.0,984.9959,984.9959,984.9959,984.9959,0.0,1.0,1.00e+00,1.00e+00,False,False
IPS7100_MHC_001,pressure,week_to_week,2025-02-09,2025-02-16,2016,2016,2016.0,2016.0,984.9959,984.9959,0.0,0.0,0.0,984.9959,984.9959,984.9959,984.9959,0.0,1.0,1.00e+00,1.00e+00,False,False
IPS7100_MHC_001,pressure,week_to_week,2025-02-16,2025-02-23,2016,2016,2016.0,2016.0,984.9959,984.9959,0.0,0.0,0.0,984.9959,984.9959,984.9959,984.9959,0.0,1.0,1.00e+00,1.00e+00,False,False
IPS7100_MHC_001,pressure,week_to_week,2025-02-23,2025-03-02,2016,1884,2016.0,1884.0,984.9959,984.9959,-0.0,0.0,0.0,984.9959,984.9959,984.9959,984.9959,0.0,1.0,1.00e+00,1.00e+00,False,False
IPS7100_MHC_001,pressure,week_to_week,2025-03-02,2025-03-09,1884,2016,1884.0,2016.0,984.9959,984.9959,0.0,0.0,0.0,984.9959,984.9959,984.9959,984.9959,0.0,1.0,1.00e+00,1.00e+00,False,False
IPS7100_MHC_001,pressure,week_to_week,2025-03-09,2025-03-16,2016,2016,2016.0,2016.0,984.9959,984.9959,0.0,0.0,0.0,984.9959,984.9959,984.9959,984.9959,0.0,1.0,1.00e+00,1.00e+00,False,False
IPS7100_MHC_001,pressure,week_to_week,2025-03-16,2025-03-23,2016,2015,2016.0,2015.0,984.9959,984.9959,0.0,0.0,0.0,984.9959,984.9959,984.9959,984.9959,0.0,1.0,1.00e+00,1.00e+00,False,False
IPS7100_MHC_001,pressure,week_to_week,2025-03-23,2025-03-30,2015,2016,2015.0,2016.0,984.9959,984.9959,0.0,0.0,0.0,984.9959,984.9959,984.9959,984.9959,0.0,1.0,1.00e+00,1.00e+00,False,False
IPS7100_MHC_001,pressure,week_to_week,2025-03-30,2025-04-06,2016,1681,2016.0,17.0,984.9959,986.8873,1.8915,0.0,4.142,984.9959,984.9959,984.9959,999.2746,0.677,inf,7.83e-02,1.00e-15,False,True
IPS7100_MHC_001,pressure,week_to_week,2025-04-06,2025-04-13,1681,2016,17.0,20.4,986.8873,996.1568,9.2695,4.142,3.3764,984.9959,999.2746,987.0969,1003.1866,2.4752,0.8152,2.61e-08,2.61e-01,True,False
IPS7100_MHC_001,pressure,week_to_week,2025-04-13,2025-04-20,2016,2016,20.4,20.4,996.1568,992.6828,-3.474,3.3764,4.5644,987.0969,1003.1866,986.0091,1004.9202,-0.8651,1.3518,9.05e-03,2.37e-01,True,False
IPS7100_MHC_001,pressure,week_to_week,2025-04-20,2025-04-27,2016,1881,20.4,19.0,992.6828,994.5486,1.8658,4.5644,1.856,986.0091,1004.9202,989.5087,998.0751,0.5289,0.4066,1.01e-01,8.30e-03,False,True
IPS7100_MHC_001,pressure,week_to_week,2025-04-27,2025-05-04,1881,2016,19.0,20.4,994.5486,992.9921,-1.5565,1.856,1.8727,989.5087,998.0751,987.7319,997.3759,-0.8345,1.009,1.27e-02,5.83e-01,False,False
IPS7100_MHC_001,pressure,week_to_week,2025-05-04,2025-05-11,2016,2016,20.4,20.4,992.9921,993.7008,0.7086,1.8727,2.6011,987.7319,997.3759,986.7376,997.5916,0.3126,1.389,3.25e-01,3.85e-03,False,False
IPS7100_MHC_001,pressure,week_to_week,2025-05-11,2025-05-18,2016,2016,20.4,20.4,993.7008,986.2663,-7.4345,2.6011,3.989,986.7376,997.5916,978.622,993.9133,-2.2073,1.5336,4.41e-08,2.16e-01,True,False
IPS7100_MHC_001,pressure,week_to_week,2025-05-18,2025-05-25,2016,2016,20.4,20.4,986.2663,989.9916,3.7253,3.989,3.5032,978.622,993.9133,979.5868,995.5491,0.9921,0.8782,3.04e-03,6.63e-01,True,False
IPS7100_MHC_001,pressure,week_to_week,2025-05-25,2025-06-01,2016,2016,20.4,20.4,989.9916,994.1891,4.1975,3.5032,2.581,979.5868,995.5491,987.197,998.4116,1.3639,0.7368,1.09e-04,3.32e-01,True,False
IPS7100_MHC_001,pressure,week_to_week,2025-06-01,2025-06-08,2016,2012,20.4,20.3,994.1891,991.0772,-3.1119,2.581,2.3454,987.197,998.4116,984.6534,997.7017,-1.2615,0.9087,2.60e-04,8.11e-01,True,False
IPS7100_MHC_001,pressure,week_to_week,2025-06-08,2025-06-15,2012,2016,20.3,20.4,991.0772,993.7649,2.6877,2.3454,2.1737,984.6534,997.7017,984.5283,998.3693,1.1884,0.9268,5.18e-04,6.82e-01,True,False
IPS7100_MHC_001,pressure,week_to_week,2025-06-15,2025-06-22,2016,2016,20.4,20.4,993.7649,989.2324,-4.5324,2.1737,1.6703,984.5283,998.3693,985.5227,994.7945,-2.3377,0.7684,7.84e-09,2.39e-01,True,False
IPS7100_MHC_001,pressure,week_to_week,2025-06-22,2025-06-29,2016,2016,20.4,2016.0,989.2324,988.6915,-0.5409,1.6703,0.0,985.5227,994.7945,988.6915,988.6915,-0.4579,0.0,1.60e-01,1.00e-15,False,True
IPS7100_MHC_001,pressure,week_to_week,2025-06-29,2025-07-06,2016,2016,2016.0,2016.0,988.6915,988.6915,-0.0,0.0,0.0,988.6915,988.6915,988.6915,988.6915,0.0,1.0,1.00e+00,1.00e+00,False,False
IPS7100_MHC_001,pressure,week_to_week,2025-07-06,2025-07-13,2016,2015,2016.0,2015.0,988.6915,988.6915,0.0,0.0,0.0,988.6915,988.6915,988.6915,988.6915,0.0,1.0,1.00e+00,1.00e+00,False,False
IPS7100_MHC_001,pressure,week_to_week,2025-07-13,2025-07-20,2015,2016,2015.0,2016.0,988.6915,988.6915,-0.0,0.0,0.0,988.6915,988.6915,988.6915,988.6915,0.0,1.0,1.00e+00,1.00e+00,False,False
IPS7100_MHC_001,pressure,week_to_week,2025-07-20,2025-07-27,2016,2016,2016.0,2016.0,988.6915,988.6915,0.0,0.0,0.0,988.6915,988.6915,988.6915,988.6915,0.0,1.0,1.00e+00,1.00e+00,False,False
IPS7100_MHC_001,pressure,week_to_week,2025-07-27,2025-08-03,2016,2016,2016.0,2016.0,988.6915,988.6915,-0.0,0.0,0.0,988.6915,988.6915,988.6915,988.6915,0.0,1.0,1.00e+00,1.00e+00,False,False
IPS7100_MHC_001,pressure,week_to_week,2025-08-03,2025-08-10,2016,2016,2016.0,2016.0,988.6915,988.6915,0.0,0.0,0.0,988.6915,988.6915,988.6915,988.6915,0.0,1.0,1.00e+00,1.00e+00,False,False
IPS7100_MHC_001,pressure,week_to_week,2025-08-10,2025-08-17,2016,2016,2016.0,2016.0,988.6915,988.6915,-0.0,0.0,0.0,988.6915,988.6915,988.6915,988.6915,0.0,1.0,1.00e+00,1.00e+00,False,False
IPS7100_MHC_001,pressure,week_to_week,2025-08-17,2025-08-24,2016,2016,2016.0,403.2,988.6915,992.9305,4.2389,0.0,1.379,988.6915,988.6915,988.6915,1009.4995,4.3462,inf,1.00e-15,1.00e-15,True,True
IPS7100_MHC_001,pressure,week_to_week,2025-08-24,2025-08-31,2016,2016,403.2,161.4,992.9305,995.8935,2.963,1.379,1.153,988.6915,1009.4995,992.3325,1004.6228,2.3307,0.8361,1.00e-15,6.00e-01,True,False
IPS7100_MHC_001,pressure,week_to_week,2025-08-31,2025-09-07,2016,1728,161.4,218.6,995.8935,995.3306,-0.5629,1.153,3.904,992.3325,1004.6228,985.5819,1050.0343,-0.2022,3.386,4.49e-02,5.81e-13,False,True
IPS7100_MHC_001,pressure,week_to_week,2025-09-07,2025-09-14,1728,2016,218.6,28.4,995.3306,998.8838,3.5533,3.904,3.0,985.5819,1050.0343,991.5274,1008.4736,1.0306,0.7684,1.13e-06,5.10e-01,True,False
IPS7100_MHC_001,pressure,week_to_week,2025-09-14,2025-09-21,2016,2016,28.4,2016.0,998.8838,993.0362,-5.8477,3.0,0.0,991.5274,1008.4736,993.0362,993.0362,-2.756,0.0,5.17e-11,1.00e-15,True,True
IPS7100_MHC_001,pressure,week_to_week,2025-09-21,2025-09-28,2016,2016,2016.0,128.4,993.0362,992.7431,-0.2931,0.0,0.8819,993.0362,993.0362,988.9191,999.7915,-0.4699,inf,2.54e-04,1.00e-15,True,True
IPS7100_MHC_001,pressure,week_to_week,2025-09-28,2025-10-05,2016,2016,128.4,84.6,992.7431,995.6282,2.8852,0.8819,1.87,988.9191,999.7915,988.7119,1006.2192,1.973,2.1205,1.00e-15,6.32e-08,True,True
IPS7100_MHC_001,pressure,week_to_week,2025-10-05,2025-10-12,2016,2016,84.6,112.9,995.6282,994.4942,-1.134,1.87,2.6598,988.7119,1006.2192,988.9315,1026.8331,-0.4931,1.4223,5.47e-04,2.60e-01,True,False
IPS7100_MHC_001,pressure,week_to_week,2025-10-12,2025-10-19,2016,2016,112.9,287.7,994.4942,996.4825,1.9883,2.6598,1.5641,988.9315,1026.8331,989.0476,1014.5842,0.9111,0.5881,8.04e-12,1.87e-05,True,True
IPS7100_MHC_001,pressure,week_to_week,2025-10-19,2025-10-26,2016,2016,287.7,2016.0,996.4825,997.0313,0.5488,1.5641,0.0,989.0476,1014.5842,997.0313,997.0313,0.496,0.0,7.84e-09,1.00e-15,True,True
IPS7100_MHC_001,pressure,week_to_week,2025-10-26,2025-11-02,2016,2016,2016.0,2016.0,997.0313,997.0313,0.0,0.0,0.0,997.0313,997.0313,997.0313,997.0313,0.0,1.0,1.00e+00,1.00e+00,False,False
IPS7100_MHC_001,pressure,week_to_week,2025-11-02,2025-11-09,2016,2016,2016.0,2016.0,997.0313,997.0313,0.0,0.0,0.0,997.0313,997.0313,997.0313,997.0313,0.0,1.0,1.00e+00,1.00e+00,False,False
IPS7100_MHC_001,pressure,week_to_week,2025-11-09,2025-11-16,2016,2016,2016.0,2016.0,997.0313,997.0313,-0.0,0.0,0.0,997.0313,997.0313,997.0313,997.0313,0.0,1.0,1.00e+00,1.00e+00,False,False
IPS7100_MHC_001,pressure,week_to_week,2025-11-16,2025-11-23,2016,2016,2016.0,2016.0,997.0313,997.0313,0.0,0.0,0.0,997.0313,997.0313,997.0313,997.0313,0.0,1.0,1.00e+00,1.00e+00,False,False
IPS7100_MHC_001,pressure,week_to_week,2025-11-23,2025-11-30,2016,1729,2016.0,1729.0,997.0313,997.0313,0.0,0.0,0.0,997.0313,997.0313,997.0313,997.0313,0.0,1.0,1.00e+00,1.00e+00,False,False
IPS7100_MHC_001,pressure,week_to_week,2025-11-30,2025-12-07,1729,2016,1729.0,2016.0,997.0313,997.0313,-0.0,0.0,0.0,997.0313,997.0313,997.0313,997.0313,0.0,1.0,1.00e+00,1.00e+00,False,False
IPS7100_MHC_001,pressure,week_to_week,2025-12-07,2025-12-14,2016,2016,2016.0,2016.0,997.0313,997.0313,0.0,0.0,0.0,997.0313,997.0313,997.0313,997.0313,0.0,1.0,1.00e+00,1.00e+00,False,False
IPS7100_MHC_001,pressure,week_to_week,2025-12-14,2025-12-21,2016,2016,2016.0,2016.0,997.0313,997.0313,0.0,0.0,0.0,997.0313,997.0313,997.0313,997.0313,0.0,1.0,1.00e+00,1.00e+00,False,False
IPS7100_MHC_001,pressure,week_to_week,2025-12-21,2025-12-28,2016,2016,2016.0,2016.0,997.0313,997.0313,0.0,0.0,0.0,997.0313,997.0313,997.0313,997.0313,0.0,1.0,1.00e+00,1.00e+00,False,False
IPS7100_MHC_001,pressure,week_to_week,2025-12-28,2026-01-04,2016,2016,2016.0,2016.0,997.0313,997.0313,0.0,0.0,0.0,997.0313,997.0313,997.0313,997.0313,0.0,1.0,1.00e+00,1.00e+00,False,False
IPS7100_MHC_001,pressure,week_to_week,2026-01-04,2026-01-11,2016,2016,2016.0,2016.0,997.0313,997.0313,0.0,0.0,0.0,997.0313,997.0313,997.0313,997.0313,0.0,1.0,1.00e+00,1.00e+00,False,False
IPS7100_MHC_001,pressure,week_to_week,2026-01-11,2026-01-18,2016,2016,2016.0,2016.0,997.0313,997.0313,0.0,0.0,0.0,997.0313,997.0313,997.0313,997.0313,0.0,1.0,1.00e+00,1.00e+00,False,False
IPS7100_MHC_001,pressure,week_to_week,2026-01-18,2026-01-25,2016,2016,2016.0,2016.0,997.0313,997.0313,0.0,0.0,0.0,997.0313,997.0313,997.0313,997.0313,0.0,1.0,1.00e+00,1.00e+00,False,False
IPS7100_MHC_001,pressure,week_to_week,2026-01-25,2026-02-01,2016,1729,2016.0,1729.0,997.0313,997.0313,0.0,0.0,0.0,997.0313,997.0313,997.0313,997.0313,0.0,1.0,1.00e+00,1.00e+00,False,False
IPS7100_MHC_001,pressure,week_to_week,2026-02-01,2026-02-08,1729,2016,1729.0,2016.0,997.0313,997.0313,-0.0,0.0,0.0,997.0313,997.0313,997.0313,997.0313,0.0,1.0,1.00e+00,1.00e+00,False,False
IPS7100_MHC_001,pressure,week_to_week,2026-02-08,2026-02-15,2016,1980,2016.0,20.0,997.0313,1005.6711,8.6398,0.0,24.7869,997.0313,997.0313,994.7471,1150.3807,0.4951,inf,1.36e-01,1.00e-15,False,True
IPS7100_MHC_001,pressure,week_to_week,2026-02-15,2026-02-22,1980,2016,20.0,20.4,1005.6711,1013.4101,7.739,24.7869,23.3204,994.7471,1150.3807,981.1822,1074.4897,0.3216,0.9408,3.14e-01,7.11e-03,False,False
IPS7100_MHC_001,pressure,week_to_week,2026-02-22,2026-03-01,2016,2016,20.4,20.4,1013.4101,1006.2081,-7.202,23.3204,19.488,981.1822,1074.4897,979.4897,1089.0667,-0.3351,0.8357,2.92e-01,3.47e-02,False,False
IPS7100_MHC_001,pressure,week_to_week,2026-03-01,2026-03-08,2016,2016,20.4,20.4,1006.2081,1023.1507,16.9427,19.488,16.0956,979.4897,1089.0667,990.5379,1069.1363,0.9477,0.8259,4.49e-03,8.46e-01,True,False
IPS7100_MHC_001,pressure,week_to_week,2026-03-08,2026-03-15,2016,2014,20.4,20.3,1023.1507,1027.6435,4.4927,16.0956,38.2269,990.5379,1069.1363,978.6963,1188.2378,0.1532,2.375,6.29e-01,2.30e-01,False,False
IPS7100_MHC_001,pressure,week_to_week,2026-03-15,2026-03-22,2014,2016,20.3,20.4,1027.6435,1001.8955,-25.748,38.2269,9.553,978.6963,1188.2378,985.4116,1028.4512,-0.9241,0.2499,7.52e-03,3.61e-02,True,False
IPS7100_MHC_001,pressure,week_to_week,2026-03-22,2026-03-29,2016,1729,20.4,17.5,1001.8955,1008.8673,6.9718,9.553,11.9959,985.4116,1028.4512,986.2828,1031.2296,0.6484,1.2557,5.96e-02,7.12e-02,False,False
IPS7100_MHC_001,pressure,week_to_week,2026-03-29,2026-04-05,1729,1982,17.5,20.0,1008.8673,1024.6141,15.7468,11.9959,26.2194,986.2828,1031.2296,988.4485,1198.2901,0.7555,2.1857,2.28e-02,9.38e-02,False,False
IPS7100_MHC_001,pressure,week_to_week,2026-04-05,2026-04-12,1982,2016,20.0,20.4,1024.6141,1027.6752,3.0611,26.2194,26.1251,988.4485,1198.2901,994.0843,1113.0567,0.1169,0.9964,7.12e-01,1.23e-01,False,False
IPS7100_MHC_001,pressure,week_to_week,2026-04-12,2026-04-19,2016,2016,20.4,20.4,1027.6752,1031.9236,4.2484,26.1251,15.7509,994.0843,1113.0567,1001.2032,1113.7527,0.1969,0.6029,5.34e-01,1.25e-01,False,False
IPS7100_MHC_001,pressure,week_to_week,2026-04-19,2026-04-26,2016,1974,20.4,19.9,1031.9236,1037.4758,5.5522,15.7509,31.9549,1001.2032,1113.7527,980.4174,1195.6664,0.2211,2.0288,4.92e-01,2.97e-01,False,False
IPS7100_MHC_001,pressure,week_to_week,2026-04-26,2026-05-03,1974,2016,19.9,20.4,1037.4758,1024.3079,-13.1679,31.9549,15.93,980.4174,1195.6664,984.4421,1061.1792,-0.5231,0.4985,1.10e-01,6.91e-02,False,False
IPS7100_MHC_001,pressure,week_to_week,2026-05-03,2026-05-10,2016,2016,20.4,20.4,1024.3079,1021.1191,-3.1889,15.93,20.6553,984.4421,1061.1792,983.3347,1149.3484,-0.1728,1.2966,5.85e-01,9.62e-02,False,False
IPS7100_MHC_001,pressure,week_to_week,2026-05-10,2026-05-17,2016,1876,20.4,18.9,1021.1191,1023.261,2.1419,20.6553,26.3429,983.3347,1149.3484,986.6401,1199.9576,0.0909,1.2754,7.79e-01,6.20e-01,False,False
IPS7100_MHC_001,pressure,week_to_week,2026-05-17,2026-05-24,1876,1896,18.9,19.2,1023.261,1039.4285,16.1674,26.3429,30.5068,986.6401,1199.9576,986.8134,1199.848,0.5669,1.1581,8.86e-02,8.92e-01,False,False
IPS7100_MHC_001,pressure,week_to_week,2026-05-24,2026-05-31,1896,702,19.2,7.9,1039.4285,1034.1143,-5.3142,30.5068,19.1908,986.8134,1199.848,985.3073,1197.5882,-0.1904,0.6291,5.92e-01,2.29e-01,False,False
IPS7100_MHC_001,temperature,week_to_week,2024-08-04,2024-08-11,71,2016,38.9,20.4,38.4419,33.0979,-5.344,2.4858,5.1856,21.4003,41.4919,24.568,46.4757,-1.0438,2.0861,1.93e-04,3.23e-04,True,True
IPS7100_MHC_001,temperature,week_to_week,2024-08-11,2024-08-18,2016,2009,20.4,20.3,33.0979,33.6446,0.5467,5.1856,4.9008,24.568,46.4757,26.1993,46.573,0.1083,0.9451,7.32e-01,3.64e-01,False,False
IPS7100_MHC_001,temperature,week_to_week,2024-08-18,2024-08-25,2009,2016,20.3,20.4,33.6446,32.7973,-0.8472,4.9008,5.1647,26.1993,46.573,24.8223,46.4169,-0.1682,1.0539,5.95e-01,3.56e-01,False,False
IPS7100_MHC_001,temperature,week_to_week,2024-08-25,2024-09-01,2016,2016,20.4,20.4,32.7973,30.3218,-2.4755,5.1647,4.2548,24.8223,46.4169,23.0388,39.7049,-0.523,0.8238,1.03e-01,4.92e-01,False,False
IPS7100_MHC_001,temperature,week_to_week,2024-09-01,2024-09-08,2016,2016,20.4,20.4,30.3218,25.9216,-4.4002,4.2548,4.0986,23.0388,39.7049,13.4988,35.9488,-1.0531,0.9633,1.76e-03,6.78e-01,True,False
IPS7100_MHC_001,temperature,week_to_week,2024-09-08,2024-09-15,2016,1951,20.4,19.7,25.9216,26.8868,0.9651,4.0986,6.1998,13.4988,35.9488,15.3808,42.889,0.1842,1.5127,5.66e-01,5.23e-01,False,False
IPS7100_MHC_001,temperature,week_to_week,2024-09-15,2024-09-22,1951,1482,19.7,15.0,26.8868,31.0037,4.1169,6.1998,5.08,15.3808,42.889,21.231,43.1529,0.7166,0.8194,3.94e-02,8.58e-01,False,False
IPS7100_MHC_001,temperature,week_to_week,2024-09-22,2024-09-29,1482,1986,15.0,20.1,31.0037,25.9659,-5.0378,5.08,5.0158,21.231,43.1529,18.3926,42.3283,-0.9986,0.9874,6.61e-03,7.61e-01,True,False
IPS7100_MHC_001,temperature,week_to_week,2024-09-29,2024-10-06,1986,2016,20.1,20.4,25.9659,28.2347,2.2689,5.0158,5.7755,18.3926,42.3283,19.6416,43.5471,0.4191,1.1515,1.90e-01,8.26e-01,False,False
IPS7100_MHC_001,temperature,week_to_week,2024-10-06,2024-10-13,2016,2016,20.4,20.4,28.2347,26.609,-1.6257,5.7755,5.7594,19.6416,43.5471,17.6061,42.9321,-0.2818,0.9972,3.74e-01,7.58e-01,False,False
IPS7100_MHC_001,temperature,week_to_week,2024-10-13,2024-10-20,2016,2015,20.4,20.4,26.609,20.6853,-5.9237,5.7594,6.7293,17.6061,42.9321,8.6278,40.9141,-0.9456,1.1684,4.55e-03,3.20e-01,True,False
IPS7100_MHC_001,temperature,week_to_week,2024-10-20,2024-10-27,2015,2016,20.4,20.4,20.6853,25.0596,4.3743,6.7293,5.3183,8.6278,40.9141,13.9579,38.412,0.7211,0.7903,2.72e-02,1.72e-01,False,False
IPS7100_MHC_001,temperature,week_to_week,2024-10-27,2024-11-03,2016,2016,20.4,20.4,25.0596,22.9741,-2.0855,5.3183,3.9466,13.9579,38.412,13.8199,32.5268,-0.4452,0.7421,1.64e-01,7.99e-02,False,False
IPS7100_MHC_001,temperature,week_to_week,2024-11-03,2024-11-10,2016,2016,20.4,2016.0,22.9741,23.9851,1.011,3.9466,0.0,13.8199,32.5268,23.9851,23.9851,0.3622,0.0,2.62e-01,1.00e-15,False,True
IPS7100_MHC_001,temperature,week_to_week,2024-11-10,2024-11-17,2016,1673,2016.0,1673.0,23.9851,23.9851,-0.0,0.0,0.0,23.9851,23.9851,23.9851,23.9851,0.0,1.0,1.00e+00,1.00e+00,False,False
IPS7100_MHC_001,temperature,week_to_week,2024-11-17,2024-11-24,1673,1989,1673.0,1989.0,23.9851,23.9851,0.0,0.0,0.0,23.9851,23.9851,23.9851,23.9851,0.0,1.0,1.00e+00,1.00e+00,False,False
IPS7100_MHC_001,temperature,week_to_week,2024-11-24,2024-12-01,1989,2016,1989.0,2016.0,23.9851,23.9851,0.0,0.0,0.0,23.9851,23.9851,23.9851,23.9851,0.0,1.0,1.00e+00,1.00e+00,False,False
IPS7100_MHC_001,temperature,week_to_week,2024-12-01,2024-12-08,2016,2016,2016.0,2016.0,23.9851,23.9851,0.0,0.0,0.0,23.9851,23.9851,23.9851,23.9851,0.0,1.0,1.00e+00,1.00e+00,False,False
IPS7100_MHC_001,temperature,week_to_week,2024-12-08,2024-12-15,2016,2016,2016.0,2016.0,23.9851,23.9851,0.0,0.0,0.0,23.9851,23.9851,23.9851,23.9851,0.0,1.0,1.00e+00,1.00e+00,False,False
IPS7100_MHC_001,temperature,week_to_week,2024-12-15,2024-12-22,2016,2015,2016.0,2015.0,23.9851,23.9851,-0.0,0.0,0.0,23.9851,23.9851,23.9851,23.9851,0.0,1.0,1.00e+00,1.00e+00,False,False
IPS7100_MHC_001,temperature,week_to_week,2024-12-22,2024-12-29,2015,1729,2015.0,1729.0,23.9851,23.9851,0.0,0.0,0.0,23.9851,23.9851,23.9851,23.9851,0.0,1.0,1.00e+00,1.00e+00,False,False
IPS7100_MHC_001,temperature,week_to_week,2024-12-29,2025-01-05,1729,2016,1729.0,2016.0,23.9851,23.9851,0.0,0.0,0.0,23.9851,23.9851,23.9851,23.9851,0.0,1.0,1.00e+00,1.00e+00,False,False
IPS7100_MHC_001,temperature,week_to_week,2025-01-05,2025-01-12,2016,2016,2016.0,2016.0,23.9851,23.9851,0.0,0.0,0.0,23.9851,23.9851,23.9851,23.9851,0.0,1.0,1.00e+00,1.00e+00,False,False
IPS7100_MHC_001,temperature,week_to_week,2025-01-12,2025-01-19,2016,2016,2016.0,2016.0,23.9851,23.9851,0.0,0.0,0.0,23.9851,23.9851,23.9851,23.9851,0.0,1.0,1.00e+00,1.00e+00,False,False
IPS7100_MHC_001,temperature,week_to_week,2025-01-19,2025-01-26,2016,2016,2016.0,2016.0,23.9851,23.9851,0.0,0.0,0.0,23.9851,23.9851,23.9851,23.9851,0.0,1.0,1.00e+00,1.00e+00,False,False
IPS7100_MHC_001,temperature,week_to_week,2025-01-26,2025-02-02,2016,2016,2016.0,2016.0,23.9851,23.9851,0.0,0.0,0.0,23.9851,23.9851,23.9851,23.9851,0.0,1.0,1.00e+00,1.00e+00,False,False
IPS7100_MHC_001,temperature,week_to_week,2025-02-02,2025-02-09,2016,2016,2016.0,2016.0,23.9851,23.9851,0.0,0.0,0.0,23.9851,23.9851,23.9851,23.9851,0.0,1.0,1.00e+00,1.00e+00,False,False
IPS7100_MHC_001,temperature,week_to_week,2025-02-09,2025-02-16,2016,2016,2016.0,2016.0,23.9851,23.9851,0.0,0.0,0.0,23.9851,23.9851,23.9851,23.9851,0.0,1.0,1.00e+00,1.00e+00,False,False
IPS7100_MHC_001,temperature,week_to_week,2025-02-16,2025-02-23,2016,2016,2016.0,2016.0,23.9851,23.9851,0.0,0.0,0.0,23.9851,23.9851,23.9851,23.9851,0.0,1.0,1.00e+00,1.00e+00,False,False
IPS7100_MHC_001,temperature,week_to_week,2025-02-23,2025-03-02,2016,1884,2016.0,1884.0,23.9851,23.9851,-0.0,0.0,0.0,23.9851,23.9851,23.9851,23.9851,0.0,1.0,1.00e+00,1.00e+00,False,False
IPS7100_MHC_001,temperature,week_to_week,2025-03-02,2025-03-09,1884,2016,1884.0,2016.0,23.9851,23.9851,0.0,0.0,0.0,23.9851,23.9851,23.9851,23.9851,0.0,1.0,1.00e+00,1.00e+00,False,False
IPS7100_MHC_001,temperature,week_to_week,2025-03-09,2025-03-16,2016,2016,2016.0,2016.0,23.9851,23.9851,0.0,0.0,0.0,23.9851,23.9851,23.9851,23.9851,0.0,1.0,1.00e+00,1.00e+00,False,False
IPS7100_MHC_001,temperature,week_to_week,2025-03-16,2025-03-23,2016,2015,2016.0,2015.0,23.9851,23.9851,-0.0,0.0,0.0,23.9851,23.9851,23.9851,23.9851,0.0,1.0,1.00e+00,1.00e+00,False,False
IPS7100_MHC_001,temperature,week_to_week,2025-03-23,2025-03-30,2015,2016,2015.0,2016.0,23.9851,23.9851,0.0,0.0,0.0,23.9851,23.9851,23.9851,23.9851,0.0,1.0,1.00e+00,1.00e+00,False,False
IPS7100_MHC_001,temperature,week_to_week,2025-03-30,2025-04-06,2016,1681,2016.0,17.0,23.9851,21.1586,-2.8265,0.0,5.8668,23.9851,23.9851,5.3791,23.9851,-0.7143,inf,6.46e-02,1.00e-15,False,True
IPS7100_MHC_001,temperature,week_to_week,2025-04-06,2025-04-13,1681,2016,17.0,20.4,21.1586,20.1989,-0.9597,5.8668,7.2761,5.3791,23.9851,5.3956,34.5912,-0.1438,1.2402,6.58e-01,2.05e-02,False,False
IPS7100_MHC_001,temperature,week_to_week,2025-04-13,2025-04-20,2016,2016,20.4,20.4,20.1989,23.1057,2.9068,7.2761,4.235,5.3956,34.5912,14.1637,36.4058,0.4882,0.582,1.29e-01,3.12e-02,False,False
IPS7100_MHC_001,temperature,week_to_week,2025-04-20,2025-04-27,2016,1881,20.4,19.0,23.1057,23.0759,-0.0298,4.235,4.6956,14.1637,36.4058,12.6537,35.2433,-0.0067,1.1088,9.83e-01,6.15e-01,False,False
IPS7100_MHC_001,temperature,week_to_week,2025-04-27,2025-05-04,1881,2016,19.0,20.4,23.0759,21.1922,-1.8837,4.6956,4.3034,12.6537,35.2433,12.2579,32.0058,-0.4188,0.9165,1.99e-01,8.78e-01,False,False
IPS7100_MHC_001,temperature,week_to_week,2025-05-04,2025-05-11,2016,2016,20.4,20.4,21.1922,20.463,-0.7291,4.3034,4.048,12.2579,32.0058,14.6068,30.6238,-0.1745,0.9406,5.81e-01,8.67e-01,False,False
IPS7100_MHC_001,temperature,week_to_week,2025-05-11,2025-05-18,2016,2016,20.4,20.4,20.463,26.943,6.48,4.048,4.6631,14.6068,30.6238,16.2432,37.8979,1.4837,1.152,3.04e-05,9.06e-01,True,False
IPS7100_MHC_001,temperature,week_to_week,2025-05-18,2025-05-25,2016,2016,20.4,20.4,26.943,27.4149,0.4719,4.6631,4.5658,16.2432,37.8979,18.1722,39.0597,0.1022,0.9791,7.46e-01,6.92e-01,False,False
IPS7100_MHC_001,temperature,week_to_week,2025-05-25,2025-06-01,2016,2016,20.4,20.4,27.4149,24.7319,-2.683,4.5658,5.1223,18.1722,39.0597,17.7232,37.338,-0.5528,1.1219,8.57e-02,3.38e-01,False,False
IPS7100_MHC_001,temperature,week_to_week,2025-06-01,2025-06-08,2016,2012,20.4,20.3,24.7319,28.4503,3.7185,5.1223,4.5699,17.7232,37.338,19.6401,39.5405,0.7658,0.8922,1.93e-02,1.99e-01,False,False
IPS7100_MHC_001,temperature,week_to_week,2025-06-08,2025-06-15,2012,2016,20.3,20.4,28.4503,24.056,-4.3944,4.5699,3.7164,19.6401,39.5405,19.841,38.8546,-1.0549,0.8132,1.80e-03,4.93e-01,True,False
IPS7100_MHC_001,temperature,week_to_week,2025-06-15,2025-06-22,2016,2016,20.4,20.4,24.056,27.9252,3.8693,3.7164,3.0775,19.841,38.8546,22.4818,41.1197,1.1338,0.8281,8.73e-04,3.69e-01,True,False
IPS7100_MHC_001,temperature,week_to_week,2025-06-22,2025-06-29,2016,2016,20.4,2016.0,27.9252,26.8931,-1.0321,3.0775,0.0,22.4818,41.1197,26.8931,26.8931,-0.4742,0.0,1.46e-01,1.00e-15,False,True
IPS7100_MHC_001,temperature,week_to_week,2025-06-29,2025-07-06,2016,2016,2016.0,2016.0,26.8931,26.8931,0.0,0.0,0.0,26.8931,26.8931,26.8931,26.8931,0.0,1.0,1.00e+00,1.00e+00,False,False
IPS7100_MHC_001,temperature,week_to_week,2025-07-06,2025-07-13,2016,2015,2016.0,2015.0,26.8931,26.8931,0.0,0.0,0.0,26.8931,26.8931,26.8931,26.8931,0.0,1.0,1.00e+00,1.00e+00,False,False
IPS7100_MHC_001,temperature,week_to_week,2025-07-13,2025-07-20,2015,2016,2015.0,2016.0,26.8931,26.8931,0.0,0.0,0.0,26.8931,26.8931,26.8931,26.8931,0.0,1.0,1.00e+00,1.00e+00,False,False
IPS7100_MHC_001,temperature,week_to_week,2025-07-20,2025-07-27,2016,2016,2016.0,2016.0,26.8931,26.8931,-0.0,0.0,0.0,26.8931,26.8931,26.8931,26.8931,0.0,1.0,1.00e+00,1.00e+00,False,False
IPS7100_MHC_001,temperature,week_to_week,2025-07-27,2025-08-03,2016,2016,2016.0,2016.0,26.8931,26.8931,0.0,0.0,0.0,26.8931,26.8931,26.8931,26.8931,0.0,1.0,1.00e+00,1.00e+00,False,False
IPS7100_MHC_001,temperature,week_to_week,2025-08-03,2025-08-10,2016,2016,2016.0,2016.0,26.8931,26.8931,0.0,0.0,0.0,26.8931,26.8931,26.8931,26.8931,0.0,1.0,1.00e+00,1.00e+00,False,False
IPS7100_MHC_001,temperature,week_to_week,2025-08-10,2025-08-17,2016,2016,2016.0,2016.0,26.8931,26.8931,0.0,0.0,0.0,26.8931,26.8931,26.8931,26.8931,0.0,1.0,1.00e+00,1.00e+00,False,False
IPS7100_MHC_001,temperature,week_to_week,2025-08-17,2025-08-24,2016,2016,2016.0,42.4,26.8931,30.1882,3.295,0.0,2.5992,26.8931,26.8931,26.8931,48.1564,1.7924,inf,2.83e-10,1.00e-15,True,True
IPS7100_MHC_001,temperature,week_to_week,2025-08-24,2025-08-31,2016,2016,42.4,20.4,30.1882,26.1106,-4.0776,2.5992,3.1313,26.8931,48.1564,24.8845,42.0369,-1.4167,1.2047,1.45e-05,7.74e-01,True,False
IPS7100_MHC_001,temperature,week_to_week,2025-08-31,2025-09-07,2016,1728,20.4,73.1,26.1106,25.3605,-0.7501,3.1313,4.3136,24.8845,42.0369,20.1018,66.632,-0.2014,1.3776,3.87e-01,9.70e-02,False,False
IPS7100_MHC_001,temperature,week_to_week,2025-09-07,2025-09-14,1728,2016,73.1,20.4,25.3605,21.2571,-4.1034,4.3136,4.3689,20.1018,66.632,18.9087,37.6125,-0.9445,1.0128,7.21e-04,9.62e-01,True,False
IPS7100_MHC_001,temperature,week_to_week,2025-09-14,2025-09-21,2016,2016,20.4,2016.0,21.2571,25.604,4.3469,4.3689,0.0,18.9087,37.6125,25.604,25.604,1.4068,0.0,2.41e-04,1.00e-15,True,True
IPS7100_MHC_001,temperature,week_to_week,2025-09-21,2025-09-28,2016,2016,2016.0,20.4,25.604,24.5754,-1.0286,0.0,3.29,25.604,25.604,20.1628,43.6536,-0.442,inf,1.74e-01,1.00e-15,False,True
IPS7100_MHC_001,temperature,week_to_week,2025-09-28,2025-10-05,2016,2016,20.4,20.4,24.5754,23.6171,-0.9584,3.29,4.4196,20.1628,43.6536,19.5209,38.9396,-0.2459,1.3434,4.38e-01,5.03e-01,False,False
IPS7100_MHC_001,temperature,week_to_week,2025-10-05,2025-10-12,2016,2016,20.4,32.4,23.6171,22.5177,-1.0994,4.4196,3.214,19.5209,38.9396,17.7834,58.0658,-0.2844,0.7272,3.38e-01,1.90e-01,False,False
IPS7100_MHC_001,temperature,week_to_week,2025-10-12,2025-10-19,2016,2016,32.4,32.5,22.5177,21.8551,-0.6626,3.214,2.8508,17.7834,58.0658,19.3484,41.2774,-0.218,0.887,3.83e-01,4.10e-01,False,False
IPS7100_MHC_001,temperature,week_to_week,2025-10-19,2025-10-26,2016,2016,32.5,2016.0,21.8551,21.1271,-0.728,2.8508,0.0,19.3484,41.2774,21.1271,21.1271,-0.361,0.0,1.55e-01,1.00e-15,False,True
IPS7100_MHC_001,temperature,week_to_week,2025-10-26,2025-11-02,2016,2016,2016.0,2016.0,21.1271,21.1271,0.0,0.0,0.0,21.1271,21.1271,21.1271,21.1271,0.0,1.0,1.00e+00,1.00e+00,False,False
IPS7100_MHC_001,temperature,week_to_week,2025-11-02,2025-11-09,2016,2016,2016.0,2016.0,21.1271,21.1271,0.0,0.0,0.0,21.1271,21.1271,21.1271,21.1271,0.0,1.0,1.00e+00,1.00e+00,False,False
IPS7100_MHC_001,temperature,week_to_week,2025-11-09,2025-11-16,2016,2016,2016.0,2016.0,21.1271,21.1271,0.0,0.0,0.0,21.1271,21.1271,21.1271,21.1271,0.0,1.0,1.00e+00,1.00e+00,False,False
IPS7100_MHC_001,temperature,week_to_week,2025-11-16,2025-11-23,2016,2016,2016.0,2016.0,21.1271,21.1271,-0.0,0.0,0.0,21.1271,21.1271,21.1271,21.1271,0.0,1.0,1.00e+00,1.00e+00,False,False
IPS7100_MHC_001,temperature,week_to_week,2025-11-23,2025-11-30,2016,1729,2016.0,1729.0,21.1271,21.1271,0.0,0.0,0.0,21.1271,21.1271,21.1271,21.1271,0.0,1.0,1.00e+00,1.00e+00,False,False
IPS7100_MHC_001,temperature,week_to_week,2025-11-30,2025-12-07,1729,2016,1729.0,2016.0,21.1271,21.1271,-0.0,0.0,0.0,21.1271,21.1271,21.1271,21.1271,0.0,1.0,1.00e+00,1.00e+00,False,False
IPS7100_MHC_001,temperature,week_to_week,2025-12-07,2025-12-14,2016,2016,2016.0,2016.0,21.1271,21.1271,0.0,0.0,0.0,21.1271,21.1271,21.1271,21.1271,0.0,1.0,1.00e+00,1.00e+00,False,False
IPS7100_MHC_001,temperature,week_to_week,2025-12-14,2025-12-21,2016,2016,2016.0,2016.0,21.1271,21.1271,0.0,0.0,0.0,21.1271,21.1271,21.1271,21.1271,0.0,1.0,1.00e+00,1.00e+00,False,False
IPS7100_MHC_001,temperature,week_to_week,2025-12-21,2025-12-28,2016,2016,2016.0,2016.0,21.1271,21.1271,0.0,0.0,0.0,21.1271,21.1271,21.1271,21.1271,0.0,1.0,1.00e+00,1.00e+00,False,False
IPS7100_MHC_001,temperature,week_to_week,2025-12-28,2026-01-04,2016,2016,2016.0,2016.0,21.1271,21.1271,0.0,0.0,0.0,21.1271,21.1271,21.1271,21.1271,0.0,1.0,1.00e+00,1.00e+00,False,False
IPS7100_MHC_001,temperature,week_to_week,2026-01-04,2026-01-11,2016,2016,2016.0,2016.0,21.1271,21.1271,0.0,0.0,0.0,21.1271,21.1271,21.1271,21.1271,0.0,1.0,1.00e+00,1.00e+00,False,False
IPS7100_MHC_001,temperature,week_to_week,2026-01-11,2026-01-18,2016,2016,2016.0,2016.0,21.1271,21.1271,0.0,0.0,0.0,21.1271,21.1271,21.1271,21.1271,0.0,1.0,1.00e+00,1.00e+00,False,False
IPS7100_MHC_001,temperature,week_to_week,2026-01-18,2026-01-25,2016,2016,2016.0,2016.0,21.1271,21.1271,0.0,0.0,0.0,21.1271,21.1271,21.1271,21.1271,0.0,1.0,1.00e+00,1.00e+00,False,False
IPS7100_MHC_001,temperature,week_to_week,2026-01-25,2026-02-01,2016,1729,2016.0,1729.0,21.1271,21.1271,0.0,0.0,0.0,21.1271,21.1271,21.1271,21.1271,0.0,1.0,1.00e+00,1.00e+00,False,False
IPS7100_MHC_001,temperature,week_to_week,2026-02-01,2026-02-08,1729,2016,1729.0,2016.0,21.1271,21.1271,-0.0,0.0,0.0,21.1271,21.1271,21.1271,21.1271,0.0,1.0,1.00e+00,1.00e+00,False,False
IPS7100_MHC_001,temperature,week_to_week,2026-02-08,2026-02-15,2016,1980,2016.0,20.0,21.1271,20.4353,-0.6918,0.0,2.0648,21.1271,21.1271,13.1095,25.7607,-0.4759,inf,1.51e-01,1.00e-15,False,True
IPS7100_MHC_001,temperature,week_to_week,2026-02-15,2026-02-22,1980,2016,20.0,20.4,20.4353,15.9035,-4.5318,2.0648,5.6742,13.1095,25.7607,4.0714,29.1705,-1.0575,2.7481,2.42e-03,3.04e-04,True,True
IPS7100_MHC_001,temperature,week_to_week,2026-02-22,2026-03-01,2016,2016,20.4,20.4,15.9035,18.3525,2.449,5.6742,7.183,4.0714,29.1705,2.3872,35.3591,0.3783,1.2659,2.35e-01,2.85e-01,False,False
IPS7100_MHC_001,temperature,week_to_week,2026-03-01,2026-03-08,2016,2016,20.4,20.4,18.3525,20.7874,2.4349,7.183,5.6421,2.3872,35.3591,7.9399,34.0958,0.3769,0.7855,2.37e-01,2.95e-01,False,False
IPS7100_MHC_001,temperature,week_to_week,2026-03-08,2026-03-15,2016,2014,20.4,20.3,20.7874,19.3504,-1.437,5.6421,5.4344,7.9399,34.0958,5.5287,32.8459,-0.2594,0.9632,4.13e-01,7.79e-01,False,False
IPS7100_MHC_001,temperature,week_to_week,2026-03-15,2026-03-22,2014,2016,20.3,20.4,19.3504,17.7043,-1.646,5.4344,9.5302,5.5287,32.8459,1.1584,35.5647,-0.2121,1.7537,5.04e-01,2.43e-02,False,False
IPS7100_MHC_001,temperature,week_to_week,2026-03-22,2026-03-29,2016,1729,20.4,17.5,17.7043,20.2178,2.5135,9.5302,5.9569,1.1584,35.5647,10.3759,32.7732,0.311,0.6251,3.31e-01,1.17e-01,False,False
IPS7100_MHC_001,temperature,week_to_week,2026-03-29,2026-04-05,1729,2016,17.5,20.4,20.2178,22.2738,2.056,5.9569,4.6589,10.3759,32.7732,9.72,30.9559,0.388,0.7821,2.52e-01,1.01e-01,False,False
IPS7100_MHC_001,temperature,week_to_week,2026-04-05,2026-04-12,2016,2016,20.4,20.4,22.2738,20.6119,-1.6619,4.6589,4.5842,9.72,30.9559,10.2881,30.1273,-0.3595,0.984,2.58e-01,5.03e-01,False,False
IPS7100_MHC_001,temperature,week_to_week,2026-04-12,2026-04-19,2016,2016,20.4,20.4,20.6119,21.9002,1.2883,4.5842,5.5409,10.2881,30.1273,6.3622,33.1153,0.2533,1.2087,4.24e-01,2.52e-01,False,False
IPS7100_MHC_001,temperature,week_to_week,2026-04-19,2026-04-26,2016,2016,20.4,20.4,21.9002,21.9979,0.0977,5.5409,5.7446,6.3622,33.1153,11.4547,37.7121,0.0173,1.0368,9.56e-01,9.77e-01,False,False
IPS7100_MHC_001,temperature,week_to_week,2026-04-26,2026-05-03,2016,2016,20.4,20.4,21.9979,21.5472,-0.4507,5.7446,6.1602,11.4547,37.7121,12.1735,41.1841,-0.0757,1.0723,8.11e-01,4.06e-01,False,False
IPS7100_MHC_001,temperature,week_to_week,2026-05-03,2026-05-10,2016,2016,20.4,20.4,21.5472,22.1018,0.5546,6.1602,5.7554,12.1735,41.1841,12.0533,39.3653,0.093,0.9343,7.68e-01,6.17e-01,False,False
IPS7100_MHC_001,temperature,week_to_week,2026-05-10,2026-05-17,2016,2016,20.4,20.4,22.1018,25.8545,3.7527,5.7554,5.707,12.0533,39.3653,14.9735,41.1572,0.6546,0.9916,4.33e-02,9.09e-01,False,False
IPS7100_MHC_001,temperature,week_to_week,2026-05-17,2026-05-24,2016,2016,20.4,20.4,25.8545,25.8798,0.0253,5.707,4.9008,14.9735,41.1572,17.7712,43.0561,0.0048,0.8587,9.88e-01,8.01e-01,False,False
IPS7100_MHC_001,temperature,week_to_week,2026-05-24,2026-05-31,2016,865,20.4,8.7,25.8798,25.7106,-0.1692,4.9008,4.2545,17.7712,43.0561,19.673,36.5792,-0.0359,0.8681,9.26e-01,3.44e-01,False,False
