sensor,metric,granularity,old_period,new_period,old_n,new_n,old_mean,new_mean,mean_delta,old_std,new_std,old_min,old_max,new_min,new_max,p_welch,p_levene,mean_shift,variance_shift
IPS7100_MHC_001,pm1_0,week_to_week,2024-08-04,2024-08-11,71,2016,6.1973,10.0875,3.8901,0.8321,2.5698,4.1702,8.6108,2.8045,17.077,1.00e-15,1.83e-15,True,True
IPS7100_MHC_001,pm1_0,week_to_week,2024-08-11,2024-08-18,2016,2009,10.0875,4.2933,-5.7942,2.5698,2.4045,2.8045,17.077,1.1758,13.5879,1.00e-15,3.63e-02,True,False
IPS7100_MHC_001,pm1_0,week_to_week,2024-08-18,2024-08-25,2009,2016,4.2933,10.6621,6.3688,2.4045,5.3221,1.1758,13.5879,1.6414,26.2898,1.00e-15,1.00e-15,True,True
IPS7100_MHC_001,pm1_0,week_to_week,2024-08-25,2024-09-01,2016,2016,10.6621,3.6515,-7.0106,5.3221,3.5599,1.6414,26.2898,0.292,17.853,1.00e-15,1.00e-15,True,True
IPS7100_MHC_001,pm1_0,week_to_week,2024-09-01,2024-09-08,2016,2016,3.6515,4.7248,1.0733,3.5599,3.228,0.292,17.853,0.2878,18.5186,1.00e-15,4.93e-01,True,False
IPS7100_MHC_001,pm1_0,week_to_week,2024-09-08,2024-09-15,2016,1951,4.7248,3.407,-1.3178,3.228,2.3329,0.2878,18.5186,0.1223,15.1344,1.00e-15,1.00e-15,True,True
IPS7100_MHC_001,pm1_0,week_to_week,2024-09-15,2024-09-22,1951,1482,3.407,3.2944,-0.1126,2.3329,1.701,0.1223,15.1344,0.2531,9.0806,1.02e-01,1.00e-15,False,True
IPS7100_MHC_001,pm1_0,week_to_week,2024-09-22,2024-09-29,1482,1986,3.2944,1.7706,-1.5238,1.701,1.4229,0.2531,9.0806,0.279,14.5159,1.00e-15,1.00e-15,True,True
IPS7100_MHC_001,pm1_0,week_to_week,2024-09-29,2024-10-06,1986,2016,1.7706,3.0587,1.2882,1.4229,1.56,0.279,14.5159,0.5697,8.2551,1.00e-15,1.00e-15,True,True
IPS7100_MHC_001,pm1_0,week_to_week,2024-10-06,2024-10-13,2016,2016,3.0587,4.0736,1.0148,1.56,1.5356,0.5697,8.2551,1.2929,17.4649,1.00e-15,5.70e-01,True,False
IPS7100_MHC_001,pm1_0,week_to_week,2024-10-13,2024-10-20,2016,2015,4.0736,2.7022,-1.3714,1.5356,2.1707,1.2929,17.4649,0.283,26.4314,1.00e-15,2.42e-11,True,True
IPS7100_MHC_001,pm1_0,week_to_week,2024-10-20,2024-10-27,2015,2016,2.7022,3.6662,0.964,2.1707,3.3961,0.283,26.4314,0.7707,35.926,1.00e-15,1.74e-04,True,True
IPS7100_MHC_001,pm1_0,week_to_week,2024-10-27,2024-11-03,2016,2016,3.6662,4.8005,1.1343,3.3961,2.9376,0.7707,35.926,0.7518,15.6545,1.00e-15,5.78e-14,True,True
IPS7100_MHC_001,pm1_0,week_to_week,2024-11-03,2024-11-10,2016,2016,4.8005,4.3136,-0.4869,2.9376,5.8538,0.7518,15.6545,0.0386,38.1476,8.58e-04,1.00e-15,True,True
IPS7100_MHC_001,pm1_0,week_to_week,2024-11-10,2024-11-17,2016,1673,4.3136,3.476,-0.8376,5.8538,4.9835,0.0386,38.1476,0.1524,28.681,2.80e-06,5.22e-07,True,True
IPS7100_MHC_001,pm1_0,week_to_week,2024-11-17,2024-11-24,1673,1989,3.476,2.3389,-1.1371,4.9835,3.256,0.1524,28.681,0.0149,26.0868,1.76e-15,1.00e-15,True,True
IPS7100_MHC_001,pm1_0,week_to_week,2024-11-24,2024-12-01,1989,2016,2.3389,5.1634,2.8245,3.256,4.575,0.0149,26.0868,0.2103,23.1,1.00e-15,1.00e-15,True,True
IPS7100_MHC_001,pm1_0,week_to_week,2024-12-01,2024-12-08,2016,2016,5.1634,8.6845,3.5211,4.575,8.8492,0.2103,23.1,0.2201,69.0083,1.00e-15,1.00e-15,True,True
IPS7100_MHC_001,pm1_0,week_to_week,2024-12-08,2024-12-15,2016,2016,8.6845,5.5291,-3.1555,8.8492,7.4208,0.2201,69.0083,0.1177,38.1008,1.00e-15,2.15e-02,True,False
IPS7100_MHC_001,pm1_0,week_to_week,2024-12-15,2024-12-22,2016,2015,5.5291,4.6054,-0.9237,7.4208,3.108,0.1177,38.1008,0.3069,16.3412,2.74e-07,1.00e-15,True,True
IPS7100_MHC_001,pm1_0,week_to_week,2024-12-22,2024-12-29,2015,1729,4.6054,8.1092,3.5038,3.108,6.9224,0.3069,16.3412,0.0918,36.1295,1.00e-15,1.00e-15,True,True
IPS7100_MHC_001,pm1_0,week_to_week,2024-12-29,2025-01-05,1729,2016,8.1092,6.4956,-1.6136,6.9224,6.9817,0.0918,36.1295,0.0188,37.3653,1.70e-12,3.77e-01,True,False
IPS7100_MHC_001,pm1_0,week_to_week,2025-01-05,2025-01-12,2016,2016,6.4956,4.7823,-1.7133,6.9817,5.7379,0.0188,37.3653,0.0674,32.1271,1.00e-15,1.00e-15,True,True
IPS7100_MHC_001,pm1_0,week_to_week,2025-01-12,2025-01-19,2016,2016,4.7823,3.675,-1.1073,5.7379,4.2343,0.0674,32.1271,0.0819,19.5033,3.73e-12,1.00e-15,True,True
IPS7100_MHC_001,pm1_0,week_to_week,2025-01-19,2025-01-26,2016,2016,3.675,4.4543,0.7793,4.2343,6.5445,0.0819,19.5033,0.1654,41.9851,7.43e-06,1.34e-12,True,True
IPS7100_MHC_001,pm1_0,week_to_week,2025-01-26,2025-02-02,2016,2016,4.4543,7.0894,2.6351,6.5445,7.0473,0.1654,41.9851,0.0748,35.3515,1.00e-15,1.00e-15,True,True
IPS7100_MHC_001,pm1_0,week_to_week,2025-02-02,2025-02-09,2016,2016,7.0894,12.4403,5.351,7.0473,9.871,0.0748,35.3515,0.9685,44.5766,1.00e-15,1.00e-15,True,True
IPS7100_MHC_001,pm1_0,week_to_week,2025-02-09,2025-02-16,2016,2016,12.4403,7.8312,-4.6092,9.871,6.5946,0.9685,44.5766,0.1385,29.6478,1.00e-15,1.00e-15,True,True
IPS7100_MHC_001,pm1_0,week_to_week,2025-02-16,2025-02-23,2016,2016,7.8312,4.5775,-3.2537,6.5946,4.1728,0.1385,29.6478,0.1033,22.9956,1.00e-15,1.00e-15,True,True
IPS7100_MHC_001,pm1_0,week_to_week,2025-02-23,2025-03-02,2016,1884,4.5775,4.5911,0.0137,4.1728,5.4367,0.1033,22.9956,0.1248,30.7356,9.30e-01,3.29e-05,False,True
IPS7100_MHC_001,pm1_0,week_to_week,2025-03-02,2025-03-09,1884,2016,4.5911,4.1507,-0.4405,5.4367,3.9001,0.1248,30.7356,0.1402,24.3571,3.89e-03,9.39e-09,True,True
IPS7100_MHC_001,pm1_0,week_to_week,2025-03-09,2025-03-16,2016,2016,4.1507,7.034,2.8834,3.9001,11.6962,0.1402,24.3571,0.2058,77.3614,1.00e-15,1.00e-15,True,True
IPS7100_MHC_001,pm1_0,week_to_week,2025-03-16,2025-03-23,2016,2015,7.034,1.9508,-5.0832,11.6962,1.3899,0.2058,77.3614,0.279,13.7306,1.00e-15,1.00e-15,True,True
IPS7100_MHC_001,pm1_0,week_to_week,2025-03-23,2025-03-30,2015,2016,1.9508,4.8801,2.9292,1.3899,5.5576,0.279,13.7306,0.4222,31.9897,1.00e-15,1.00e-15,True,True
IPS7100_MHC_001,pm1_0,week_to_week,2025-03-30,2025-04-06,2016,1681,4.8801,7.1108,2.2307,5.5576,11.1805,0.4222,31.9897,0.0619,53.8877,1.33e-13,1.00e-15,True,True
IPS7100_MHC_001,pm1_0,week_to_week,2025-04-06,2025-04-13,1681,2016,7.1108,3.1003,-4.0105,11.1805,2.7416,0.0619,53.8877,0.4662,32.6101,1.00e-15,1.00e-15,True,True
IPS7100_MHC_001,pm1_0,week_to_week,2025-04-13,2025-04-20,2016,2016,3.1003,4.0342,0.9338,2.7416,2.4356,0.4662,32.6101,0.1599,15.9186,1.00e-15,9.05e-06,True,True
IPS7100_MHC_001,pm1_0,week_to_week,2025-04-20,2025-04-27,2016,1881,4.0342,3.0202,-1.014,2.4356,2.3834,0.1599,15.9186,0.1198,13.2552,1.00e-15,1.50e-03,True,True
IPS7100_MHC_001,pm1_0,week_to_week,2025-04-27,2025-05-04,1881,2016,3.0202,3.3925,0.3723,2.3834,3.7126,0.1198,13.2552,0.1261,20.6835,1.80e-04,1.00e-15,True,True
IPS7100_MHC_001,pm1_0,week_to_week,2025-05-04,2025-05-11,2016,2016,3.3925,0.9707,-2.4218,3.7126,0.5477,0.1261,20.6835,0.0483,4.5691,1.00e-15,1.00e-15,True,True
IPS7100_MHC_001,pm1_0,week_to_week,2025-05-11,2025-05-18,2016,2016,0.9707,6.7035,5.7329,0.5477,6.3572,0.0483,4.5691,0.4306,27.7658,1.00e-15,1.00e-15,True,True
IPS7100_MHC_001,pm1_0,week_to_week,2025-05-18,2025-05-25,2016,2016,6.7035,4.6143,-2.0892,6.3572,3.6104,0.4306,27.7658,0.0831,23.6698,1.00e-15,1.00e-15,True,True
IPS7100_MHC_001,pm1_0,week_to_week,2025-05-25,2025-06-01,2016,2016,4.6143,1.9024,-2.712,3.6104,2.4449,0.0831,23.6698,0.0488,14.3477,1.00e-15,1.00e-15,True,True
IPS7100_MHC_001,pm1_0,week_to_week,2025-06-01,2025-06-08,2016,2012,1.9024,4.4676,2.5652,2.4449,2.4812,0.0488,14.3477,0.1137,14.5986,1.00e-15,3.91e-06,True,True
IPS7100_MHC_001,pm1_0,week_to_week,2025-06-08,2025-06-15,2012,2016,4.4676,2.9139,-1.5537,2.4812,3.0895,0.1137,14.5986,0.0804,15.6824,1.00e-15,3.03e-07,True,True
IPS7100_MHC_001,pm1_0,week_to_week,2025-06-15,2025-06-22,2016,2016,2.9139,5.7317,2.8178,3.0895,3.454,0.0804,15.6824,0.1855,15.1017,1.00e-15,1.00e-15,True,True
IPS7100_MHC_001,pm1_0,week_to_week,2025-06-22,2025-06-29,2016,2016,5.7317,2.1528,-3.5789,3.454,1.473,0.1855,15.1017,0.5175,8.414,1.00e-15,1.00e-15,True,True
IPS7100_MHC_001,pm1_0,week_to_week,2025-06-29,2025-07-06,2016,2016,2.1528,6.8934,4.7406,1.473,5.5477,0.5175,8.414,0.6398,25.7341,1.00e-15,1.00e-15,True,True
IPS7100_MHC_001,pm1_0,week_to_week,2025-07-06,2025-07-13,2016,2015,6.8934,5.4629,-1.4305,5.5477,3.1605,0.6398,25.7341,0.8234,14.967,1.00e-15,1.00e-15,True,True
IPS7100_MHC_001,pm1_0,week_to_week,2025-07-13,2025-07-20,2015,2016,5.4629,7.6721,2.2092,3.1605,4.1895,0.8234,14.967,1.0097,18.8247,1.00e-15,1.00e-15,True,True
IPS7100_MHC_001,pm1_0,week_to_week,2025-07-20,2025-07-27,2016,2016,7.6721,3.9093,-3.7628,4.1895,1.7337,1.0097,18.8247,0.7851,12.6569,1.00e-15,1.00e-15,True,True
IPS7100_MHC_001,pm1_0,week_to_week,2025-07-27,2025-08-03,2016,2016,3.9093,6.0192,2.1099,1.7337,3.2239,0.7851,12.6569,0.5423,16.196,1.00e-15,1.00e-15,True,True
IPS7100_MHC_001,pm1_0,week_to_week,2025-08-03,2025-08-10,2016,2016,6.0192,7.5082,1.489,3.2239,5.5173,0.5423,16.196,0.7148,25.1373,1.00e-15,1.00e-15,True,True
IPS7100_MHC_001,pm1_0,week_to_week,2025-08-10,2025-08-17,2016,2016,7.5082,4.1721,-3.3361,5.5173,2.0766,0.7148,25.1373,0.7689,11.8115,1.00e-15,1.00e-15,True,True
IPS7100_MHC_001,pm1_0,week_to_week,2025-08-17,2025-08-24,2016,2016,4.1721,4.3532,0.1811,2.0766,1.8994,0.7689,11.8115,1.38,11.5047,3.89e-03,1.27e-02,True,False
IPS7100_MHC_001,pm1_0,week_to_week,2025-08-24,2025-08-31,2016,2016,4.3532,6.9521,2.5989,1.8994,5.3236,1.38,11.5047,0.103,35.1528,1.00e-15,1.00e-15,True,True
IPS7100_MHC_001,pm1_0,week_to_week,2025-08-31,2025-09-07,2016,2016,6.9521,5.5837,-1.3684,5.3236,4.397,0.103,35.1528,0.3248,21.4076,1.00e-15,5.22e-01,True,False
IPS7100_MHC_001,pm1_0,week_to_week,2025-09-07,2025-09-14,2016,2016,5.5837,5.5761,-0.0077,4.397,2.2859,0.3248,21.4076,1.3804,13.4976,9.45e-01,1.00e-15,False,True
IPS7100_MHC_001,pm1_0,week_to_week,2025-09-14,2025-09-21,2016,2016,5.5761,8.9962,3.4201,2.2859,4.1282,1.3804,13.4976,1.306,20.8469,1.00e-15,1.00e-15,True,True
IPS7100_MHC_001,pm1_0,week_to_week,2025-09-21,2025-09-28,2016,2016,8.9962,2.8314,-6.1648,4.1282,1.6925,1.306,20.8469,0.3594,9.6427,1.00e-15,1.00e-15,True,True
IPS7100_MHC_001,pm1_0,week_to_week,2025-09-28,2025-10-05,2016,2016,2.8314,3.8287,0.9973,1.6925,1.9383,0.3594,9.6427,0.7322,12.1327,1.00e-15,2.71e-07,True,True
IPS7100_MHC_001,pm1_0,week_to_week,2025-10-05,2025-10-12,2016,2016,3.8287,2.5168,-1.3119,1.9383,1.4226,0.7322,12.1327,0.4874,10.175,1.00e-15,1.00e-15,True,True
IPS7100_MHC_001,pm1_0,week_to_week,2025-10-12,2025-10-19,2016,2016,2.5168,3.2472,0.7305,1.4226,2.1082,0.4874,10.175,0.1459,11.3636,1.00e-15,1.00e-15,True,True
IPS7100_MHC_001,pm1_0,week_to_week,2025-10-19,2025-10-26,2016,2016,3.2472,4.0675,0.8202,2.1082,7.1774,0.1459,11.3636,0.1015,48.466,9.16e-07,1.00e-15,True,True
IPS7100_MHC_001,pm1_0,week_to_week,2025-10-26,2025-11-02,2016,2016,4.0675,3.2686,-0.7988,7.1774,3.8038,0.1015,48.466,0.0624,26.4498,1.05e-05,2.53e-15,True,True
IPS7100_MHC_001,pm1_0,week_to_week,2025-11-02,2025-11-09,2016,2016,3.2686,1.9093,-1.3593,3.8038,1.2487,0.0624,26.4498,0.0332,10.4839,1.00e-15,1.00e-15,True,True
IPS7100_MHC_001,pm1_0,week_to_week,2025-11-09,2025-11-16,2016,2016,1.9093,1.7536,-0.1557,1.2487,1.4907,0.0332,10.4839,0.2487,13.1712,3.31e-04,1.69e-02,True,False
IPS7100_MHC_001,pm1_0,week_to_week,2025-11-16,2025-11-23,2016,2016,1.7536,5.5501,3.7964,1.4907,4.7432,0.2487,13.1712,0.2338,23.4096,1.00e-15,1.00e-15,True,True
IPS7100_MHC_001,pm1_0,week_to_week,2025-11-23,2025-11-30,2016,1729,5.5501,4.8414,-0.7087,4.7432,7.684,0.2338,23.4096,0.1089,54.8419,8.85e-04,1.09e-06,True,True
IPS7100_MHC_001,pm1_0,week_to_week,2025-11-30,2025-12-07,1729,2016,4.8414,16.9365,12.0951,7.684,10.9131,0.1089,54.8419,0.6191,52.1561,1.00e-15,1.00e-15,True,True
IPS7100_MHC_001,pm1_0,week_to_week,2025-12-07,2025-12-14,2016,2016,16.9365,8.549,-8.3875,10.9131,9.6557,0.6191,52.1561,0.0556,52.8806,1.00e-15,1.00e-15,True,True
IPS7100_MHC_001,pm1_0,week_to_week,2025-12-14,2025-12-21,2016,2016,8.549,3.4317,-5.1173,9.6557,5.1092,0.0556,52.8806,0.0,104.7781,1.00e-15,1.00e-15,True,True
IPS7100_MHC_001,pm1_0,week_to_week,2025-12-21,2025-12-28,2016,2016,3.4317,4.5884,1.1567,5.1092,3.5974,0.0,104.7781,0.2777,23.4007,1.00e-15,2.87e-01,True,False
IPS7100_MHC_001,pm1_0,week_to_week,2025-12-28,2026-01-04,2016,2016,4.5884,4.2644,-0.3241,3.5974,4.6995,0.2777,23.4007,0.2461,23.1105,1.40e-02,1.00e-15,False,True
IPS7100_MHC_001,pm1_0,week_to_week,2026-01-04,2026-01-11,2016,2016,4.2644,5.2094,0.945,4.6995,7.1608,0.2461,23.1105,0.0457,41.0088,7.67e-07,1.00e-15,True,True
IPS7100_MHC_001,pm1_0,week_to_week,2026-01-11,2026-01-18,2016,2016,5.2094,1.1299,-4.0795,7.1608,1.0062,0.0457,41.0088,0.0497,8.8368,1.00e-15,1.00e-15,True,True
IPS7100_MHC_001,pm1_0,week_to_week,2026-01-18,2026-01-25,2016,2016,1.1299,5.0573,3.9274,1.0062,4.6927,0.0497,8.8368,0.1056,25.8643,1.00e-15,1.00e-15,True,True
IPS7100_MHC_001,pm1_0,week_to_week,2026-01-25,2026-02-01,2016,1729,5.0573,8.9033,3.8459,4.6927,6.8933,0.1056,25.8643,0.7305,37.8794,1.00e-15,1.00e-15,True,True
IPS7100_MHC_001,pm1_0,week_to_week,2026-02-01,2026-02-08,1729,2016,8.9033,4.2554,-4.6479,6.8933,4.2039,0.7305,37.8794,0.114,18.3267,1.00e-15,1.00e-15,True,True
IPS7100_MHC_001,pm1_0,week_to_week,2026-02-08,2026-02-15,2016,1980,4.2554,4.0557,-0.1997,4.2039,3.2032,0.114,18.3267,0.0396,16.682,9.10e-02,1.00e-15,False,True
IPS7100_MHC_001,pm1_0,week_to_week,2026-02-15,2026-02-22,1980,2016,4.0557,1.4186,-2.6371,3.2032,1.3467,0.0396,16.682,0.1503,7.7606,1.00e-15,1.00e-15,True,True
IPS7100_MHC_001,pm1_0,week_to_week,2026-02-22,2026-03-01,2016,2016,1.4186,3.0922,1.6735,1.3467,2.3924,0.1503,7.7606,0.6254,17.9515,1.00e-15,1.00e-15,True,True
IPS7100_MHC_001,pm1_0,week_to_week,2026-03-01,2026-03-08,2016,2016,3.0922,2.3361,-0.7561,2.3924,1.5329,0.6254,17.9515,0.5766,11.1302,1.00e-15,1.00e-15,True,True
IPS7100_MHC_001,pm1_0,week_to_week,2026-03-08,2026-03-15,2016,2014,2.3361,1.7867,-0.5494,1.5329,1.9292,0.5766,11.1302,0.0868,18.3642,1.00e-15,7.12e-13,True,True
IPS7100_MHC_001,pm1_0,week_to_week,2026-03-15,2026-03-22,2014,2016,1.7867,0.9787,-0.808,1.9292,0.741,0.0868,18.3642,0.0847,8.6893,1.00e-15,1.00e-15,True,True
IPS7100_MHC_001,pm1_0,week_to_week,2026-03-22,2026-03-29,2016,1729,0.9787,1.5082,0.5295,0.741,0.9452,0.0847,8.6893,0.1094,8.582,1.00e-15,1.00e-15,True,True
IPS7100_MHC_001,pm1_0,week_to_week,2026-03-29,2026-04-05,1729,2016,1.5082,1.7649,0.2568,0.9452,1.1849,0.1094,8.582,0.0457,8.4105,2.09e-13,3.48e-14,True,True
IPS7100_MHC_001,pm1_0,week_to_week,2026-04-05,2026-04-12,2016,2016,1.7649,1.7496,-0.0154,1.1849,1.7824,0.0457,8.4105,0.1917,10.9309,7.47e-01,1.00e-15,False,True
IPS7100_MHC_001,pm1_0,week_to_week,2026-04-12,2026-04-19,2016,2016,1.7496,2.1711,0.4216,1.7824,1.2462,0.1917,10.9309,0.1589,8.6144,1.00e-15,1.00e-15,True,True
IPS7100_MHC_001,pm1_0,week_to_week,2026-04-19,2026-04-26,2016,2016,2.1711,4.5545,2.3834,1.2462,4.9722,0.1589,8.6144,0.274,23.5813,1.00e-15,1.00e-15,True,True
IPS7100_MHC_001,pm1_0,week_to_week,2026-04-26,2026-05-03,2016,2016,4.5545,5.0484,0.4938,4.9722,6.6364,0.274,23.5813,0.1675,25.5482,7.55e-03,1.00e-15,True,True
IPS7100_MHC_001,pm1_0,week_to_week,2026-05-03,2026-05-10,2016,2016,5.0484,2.0573,-2.9911,6.6364,2.5522,0.1675,25.5482,0.2383,14.0615,1.00e-15,1.00e-15,True,True
IPS7100_MHC_001,pm1_0,week_to_week,2026-05-10,2026-05-17,2016,2016,2.0573,1.5449,-0.5124,2.5522,1.6378,0.2383,14.0615,0.3228,12.9963,4.25e-14,1.00e-15,True,True
IPS7100_MHC_001,pm1_0,week_to_week,2026-05-17,2026-05-24,2016,2016,1.5449,3.1699,1.625,1.6378,2.9054,0.3228,12.9963,0.2821,15.8414,1.00e-15,1.00e-15,True,True
IPS7100_MHC_001,pm1_0,week_to_week,2026-05-24,2026-05-31,2016,865,3.1699,1.4206,-1.7492,2.9054,0.7588,0.2821,15.8414,0.3516,5.4375,1.00e-15,1.00e-15,True,True
IPS7100_MHC_001,pressure,week_to_week,2024-08-04,2024-08-11,71,2016,989.0771,992.9651,3.888,16.0616,3.3574,861.4906,993.5544,985.8059,999.2768,4.68e-02,3.10e-08,False,True
IPS7100_MHC_001,pressure,week_to_week,2024-08-11,2024-08-18,2016,2009,992.9651,992.5318,-0.4333,3.3574,1.4341,985.8059,999.2768,988.9357,995.7977,1.09e-07,1.00e-15,True,True
IPS7100_MHC_001,pressure,week_to_week,2024-08-18,2024-08-25,2009,2016,992.5318,993.8144,1.2826,1.4341,1.8934,988.9357,995.7977,989.6194,998.6596,1.00e-15,1.00e-15,True,True
IPS7100_MHC_001,pressure,week_to_week,2024-08-25,2024-09-01,2016,2016,993.8144,994.8349,1.0205,1.8934,1.8375,989.6194,998.6596,990.1582,998.9499,1.00e-15,6.61e-01,True,False
IPS7100_MHC_001,pressure,week_to_week,2024-09-01,2024-09-08,2016,2016,994.8349,995.9654,1.1305,1.8375,2.9409,990.1582,998.9499,888.5533,999.5766,1.00e-15,3.44e-04,True,True
IPS7100_MHC_001,pressure,week_to_week,2024-09-08,2024-09-15,2016,1951,995.9654,991.1913,-4.774,2.9409,3.1686,888.5533,999.5766,986.39,999.3036,1.00e-15,1.00e-15,True,True
IPS7100_MHC_001,pressure,week_to_week,2024-09-15,2024-09-22,1951,1482,991.1913,989.6968,-1.4945,3.1686,1.7236,986.39,999.3036,986.5344,993.9761,1.00e-15,1.00e-15,True,True
IPS7100_MHC_001,pressure,week_to_week,2024-09-22,2024-09-29,1482,1986,989.6968,990.4593,0.7625,1.7236,1.777,986.5344,993.9761,986.749,994.1119,1.00e-15,4.05e-03,True,True
IPS7100_MHC_001,pressure,week_to_week,2024-09-29,2024-10-06,1986,2016,990.4593,994.1189,3.6596,1.777,2.4047,986.749,994.1119,989.6367,997.9503,1.00e-15,1.00e-15,True,True
IPS7100_MHC_001,pressure,week_to_week,2024-10-06,2024-10-13,2016,2016,994.1189,994.9489,0.83,2.4047,1.9347,989.6367,997.9503,991.3859,1000.4012,1.00e-15,1.00e-15,True,True
IPS7100_MHC_001,pressure,week_to_week,2024-10-13,2024-10-20,2016,2015,994.9489,1001.2508,6.3019,1.9347,4.1879,991.3859,1000.4012,991.981,1009.2567,1.00e-15,1.00e-15,True,True
IPS7100_MHC_001,pressure,week_to_week,2024-10-20,2024-10-27,2015,2016,1001.2508,997.4275,-3.8233,4.1879,2.9317,991.981,1009.2567,990.274,1002.8485,1.00e-15,1.00e-15,True,True
IPS7100_MHC_001,pressure,week_to_week,2024-10-27,2024-11-03,2016,2016,997.4275,993.8509,-3.5765,2.9317,3.3498,990.274,1002.8485,984.9928,999.4533,1.00e-15,2.85e-12,True,True
IPS7100_MHC_001,pressure,week_to_week,2024-11-03,2024-11-10,2016,2016,993.8509,984.9959,-8.8551,3.3498,0.0,984.9928,999.4533,984.9959,984.9959,1.00e-15,1.00e-15,True,True
IPS7100_MHC_001,pressure,week_to_week,2024-11-10,2024-11-17,2016,1673,984.9959,984.9959,0.0,0.0,0.0,984.9959,984.9959,984.9959,984.9959,1.00e+00,1.00e+00,False,False
IPS7100_MHC_001,pressure,week_to_week,2024-11-17,2024-11-24,1673,1989,984.9959,984.9959,0.0,0.0,0.0,984.9959,984.9959,984.9959,984.9959,1.00e+00,1.00e+00,False,False
IPS7100_MHC_001,pressure,week_to_week,2024-11-24,2024-12-01,1989,2016,984.9959,984.9959,0.0,0.0,0.0,984.9959,984.9959,984.9959,984.9959,1.00e+00,1.00e+00,False,False
IPS7100_MHC_001,pressure,week_to_week,2024-12-01,2024-12-08,2016,2016,984.9959,984.9959,0.0,0.0,0.0,984.9959,984.9959,984.9959,984.9959,1.00e+00,1.00e+00,False,False
IPS7100_MHC_001,pressure,week_to_week,2024-12-08,2024-12-15,2016,2016,984.9959,984.9959,0.0,0.0,0.0,984.9959,984.9959,984.9959,984.9959,1.00e+00,1.00e+00,False,False
IPS7100_MHC_001,pressure,week_to_week,2024-12-15,2024-12-22,2016,2015,984.9959,984.9959,0.0,0.0,0.0,984.9959,984.9959,984.9959,984.9959,1.00e+00,1.00e+00,False,False
IPS7100_MHC_001,pressure,week_to_week,2024-12-22,2024-12-29,2015,1729,984.9959,984.9959,0.0,0.0,0.0,984.9959,984.9959,984.9959,984.9959,1.00e+00,1.00e+00,False,False
IPS7100_MHC_001,pressure,week_to_week,2024-12-29,2025-01-05,1729,2016,984.9959,984.9959,0.0,0.0,0.0,984.9959,984.9959,984.9959,984.9959,1.00e+00,1.00e+00,False,False
IPS7100_MHC_001,pressure,week_to_week,2025-01-05,2025-01-12,2016,2016,984.9959,984.9959,0.0,0.0,0.0,984.9959,984.9959,984.9959,984.9959,1.00e+00,1.00e+00,False,False
IPS7100_MHC_001,pressure,week_to_week,2025-01-12,2025-01-19,2016,2016,984.9959,984.9959,0.0,0.0,0.0,984.9959,984.9959,984.9959,984.9959,1.00e+00,1.00e+00,False,False
IPS7100_MHC_001,pressure,week_to_week,2025-01-19,2025-01-26,2016,2016,984.9959,984.9959,0.0,0.0,0.0,984.9959,984.9959,984.9959,984.9959,1.00e+00,1.00e+00,False,False
IPS7100_MHC_001,pressure,week_to_week,2025-01-26,2025-02-02,2016,2016,984.9959,984.9959,0.0,0.0,0.0,984.9959,984.9959,984.9959,984.9959,1.00e+00,1.00e+00,False,False
IPS7100_MHC_001,pressure,week_to_week,2025-02-02,2025-02-09,2016,2016,984.9959,984.9959,0.0,0.0,0.0,984.9959,984.9959,984.9959,984.9959,1.00e+00,1.00e+00,False,False
IPS7100_MHC_001,pressure,week_to_week,2025-02-09,2025-02-16,2016,2016,984.9959,984.9959,0.0,0.0,0.0,984.9959,984.9959,984.9959,984.9959,1.00e+00,1.00e+00,False,False
IPS7100_MHC_001,pressure,week_to_week,2025-02-16,2025-02-23,2016,2016,984.9959,984.9959,0.0,0.0,0.0,984.9959,984.9959,984.9959,984.9959,1.00e+00,1.00e+00,False,False
IPS7100_MHC_001,pressure,week_to_week,2025-02-23,2025-03-02,2016,1884,984.9959,984.9959,-0.0,0.0,0.0,984.9959,984.9959,984.9959,984.9959,1.00e+00,1.00e+00,False,False
IPS7100_MHC_001,pressure,week_to_week,2025-03-02,2025-03-09,1884,2016,984.9959,984.9959,0.0,0.0,0.0,984.9959,984.9959,984.9959,984.9959,1.00e+00,1.00e+00,False,False
IPS7100_MHC_001,pressure,week_to_week,2025-03-09,2025-03-16,2016,2016,984.9959,984.9959,0.0,0.0,0.0,984.9959,984.9959,984.9959,984.9959,1.00e+00,1.00e+00,False,False
IPS7100_MHC_001,pressure,week_to_week,2025-03-16,2025-03-23,2016,2015,984.9959,984.9959,0.0,0.0,0.0,984.9959,984.9959,984.9959,984.9959,1.00e+00,1.00e+00,False,False
IPS7100_MHC_001,pressure,week_to_week,2025-03-23,2025-03-30,2015,2016,984.9959,984.9959,0.0,0.0,0.0,984.9959,984.9959,984.9959,984.9959,1.00e+00,1.00e+00,False,False
IPS7100_MHC_001,pressure,week_to_week,2025-03-30,2025-04-06,2016,1681,984.9959,986.8873,1.8915,0.0,4.142,984.9959,984.9959,984.9959,999.2746,1.00e-15,1.00e-15,True,True
IPS7100_MHC_001,pressure,week_to_week,2025-04-06,2025-04-13,1681,2016,986.8873,996.1568,9.2695,4.142,3.3764,984.9959,999.2746,987.0969,1003.1866,1.00e-15,3.06e-05,True,True
IPS7100_MHC_001,pressure,week_to_week,2025-04-13,2025-04-20,2016,2016,996.1568,992.6828,-3.474,3.3764,4.5644,987.0969,1003.1866,986.0091,1004.9202,1.00e-15,1.00e-15,True,True
IPS7100_MHC_001,pressure,week_to_week,2025-04-20,2025-04-27,2016,1881,992.6828,994.5486,1.8658,4.5644,1.856,986.0091,1004.9202,989.5087,998.0751,1.00e-15,1.00e-15,True,True
IPS7100_MHC_001,pressure,week_to_week,2025-04-27,2025-05-04,1881,2016,994.5486,992.9921,-1.5565,1.856,1.8727,989.5087,998.0751,987.7319,997.3759,1.00e-15,8.06e-01,True,False
IPS7100_MHC_001,pressure,week_to_week,2025-05-04,2025-05-11,2016,2016,992.9921,993.7008,0.7086,1.8727,2.6011,987.7319,997.3759,986.7376,997.5916,1.00e-15,1.00e-15,True,True
IPS7100_MHC_001,pressure,week_to_week,2025-05-11,2025-05-18,2016,2016,993.7008,986.2663,-7.4345,2.6011,3.989,986.7376,997.5916,978.622,993.9133,1.00e-15,1.00e-15,True,True
IPS7100_MHC_001,pressure,week_to_week,2025-05-18,2025-05-25,2016,2016,986.2663,989.9916,3.7253,3.989,3.5032,978.622,993.9133,979.5868,995.5491,1.00e-15,1.78e-06,True,True
IPS7100_MHC_001,pressure,week_to_week,2025-05-25,2025-06-01,2016,2016,989.9916,994.1891,4.1975,3.5032,2.581,979.5868,995.5491,987.197,998.4116,1.00e-15,1.00e-15,True,True
IPS7100_MHC_001,pressure,week_to_week,2025-06-01,2025-06-08,2016,2012,994.1891,991.0772,-3.1119,2.581,2.3454,987.197,998.4116,984.6534,997.7017,1.00e-15,6.74e-05,True,True
IPS7100_MHC_001,pressure,week_to_week,2025-06-08,2025-06-15,2012,2016,991.0772,993.7649,2.6877,2.3454,2.1737,984.6534,997.7017,984.5283,998.3693,1.00e-15,1.23e-06,True,True
IPS7100_MHC_001,pressure,week_to_week,2025-06-15,2025-06-22,2016,2016,993.7649,989.2324,-4.5324,2.1737,1.6703,984.5283,998.3693,985.5227,994.7945,1.00e-15,1.00e-15,True,True
IPS7100_MHC_001,pressure,week_to_week,2025-06-22,2025-06-29,2016,2016,989.2324,988.6915,-0.5409,1.6703,0.0,985.5227,994.7945,988.6915,988.6915,1.00e-15,1.00e-15,True,True
IPS7100_MHC_001,pressure,week_to_week,2025-06-29,2025-07-06,2016,2016,988.6915,988.6915,-0.0,0.0,0.0,988.6915,988.6915,988.6915,988.6915,1.00e+00,1.00e+00,False,False
IPS7100_MHC_001,pressure,week_to_week,2025-07-06,2025-07-13,2016,2015,988.6915,988.6915,0.0,0.0,0.0,988.6915,988.6915,988.6915,988.6915,1.00e+00,1.00e+00,False,False
IPS7100_MHC_001,pressure,week_to_week,2025-07-13,2025-07-20,2015,2016,988.6915,988.6915,-0.0,0.0,0.0,988.6915,988.6915,988.6915,988.6915,1.00e+00,1.00e+00,False,False
IPS7100_MHC_001,pressure,week_to_week,2025-07-20,2025-07-27,2016,2016,988.6915,988.6915,0.0,0.0,0.0,988.6915,988.6915,988.6915,988.6915,1.00e+00,1.00e+00,False,False
IPS7100_MHC_001,pressure,week_to_week,2025-07-27,2025-08-03,2016,2016,988.6915,988.6915,-0.0,0.0,0.0,988.6915,988.6915,988.6915,988.6915,1.00e+00,1.00e+00,False,False
IPS7100_MHC_001,pressure,week_to_week,2025-08-03,2025-08-10,2016,2016,988.6915,988.6915,0.0,0.0,0.0,988.6915,988.6915,988.6915,988.6915,1.00e+00,1.00e+00,False,False
IPS7100_MHC_001,pressure,week_to_week,2025-08-10,2025-08-17,2016,2016,988.6915,988.6915,-0.0,0.0,0.0,988.6915,988.6915,988.6915,988.6915,1.00e+00,1.00e+00,False,False
IPS7100_MHC_001,pressure,week_to_week,2025-08-17,2025-08-24,2016,2016,988.6915,992.9305,4.2389,0.0,1.379,988.6915,988.6915,988.6915,1009.4995,1.00e-15,1.00e-15,True,True
IPS7100_MHC_001,pressure,week_to_week,2025-08-24,2025-08-31,2016,2016,992.9305,995.8935,2.963,1.379,1.153,988.6915,1009.4995,992.3325,1004.6228,1.00e-15,2.07e-06,True,True
IPS7100_MHC_001,pressure,week_to_week,2025-08-31,2025-09-07,2016,1728,995.8935,995.3306,-0.5629,1.153,3.904,992.3325,1004.6228,985.5819,1050.0343,8.64e-09,1.00e-15,True,True
IPS7100_MHC_001,pressure,week_to_week,2025-09-07,2025-09-14,1728,2016,995.3306,998.8838,3.5533,3.904,3.0,985.5819,1050.0343,991.5274,1008.4736,1.00e-15,7.77e-08,True,True
IPS7100_MHC_001,pressure,week_to_week,2025-09-14,2025-09-21,2016,2016,998.8838,993.0362,-5.8477,3.0,0.0,991.5274,1008.4736,993.0362,993.0362,1.00e-15,1.00e-15,True,True
IPS7100_MHC_001,pressure,week_to_week,2025-09-21,2025-09-28,2016,2016,993.0362,992.7431,-0.2931,0.0,0.8819,993.0362,993.0362,988.9191,999.7915,1.00e-15,1.00e-15,True,True
IPS7100_MHC_001,pressure,week_to_week,2025-09-28,2025-10-05,2016,2016,992.7431,995.6282,2.8852,0.8819,1.87,988.9191,999.7915,988.7119,1006.2192,1.00e-15,1.00e-15,True,True
IPS7100_MHC_001,pressure,week_to_week,2025-10-05,2025-10-12,2016,2016,995.6282,994.4942,-1.134,1.87,2.6598,988.7119,1006.2192,988.9315,1026.8331,1.00e-15,1.00e-15,True,True
IPS7100_MHC_001,pressure,week_to_week,2025-10-12,2025-10-19,2016,2016,994.4942,996.4825,1.9883,2.6598,1.5641,988.9315,1026.8331,989.0476,1014.5842,1.00e-15,1.00e-15,True,True
IPS7100_MHC_001,pressure,week_to_week,2025-10-19,2025-10-26,2016,2016,996.4825,997.0313,0.5488,1.5641,0.0,989.0476,1014.5842,997.0313,997.0313,1.00e-15,1.00e-15,True,True
IPS7100_MHC_001,pressure,week_to_week,2025-10-26,2025-11-02,2016,2016,997.0313,997.0313,0.0,0.0,0.0,997.0313,997.0313,997.0313,997.0313,1.00e+00,1.00e+00,False,False
IPS7100_MHC_001,pressure,week_to_week,2025-11-02,2025-11-09,2016,2016,997.0313,997.0313,0.0,0.0,0.0,997.0313,997.0313,997.0313,997.0313,1.00e+00,1.00e+00,False,False
IPS7100_MHC_001,pressure,week_to_week,2025-11-09,2025-11-16,2016,2016,997.0313,997.0313,-0.0,0.0,0.0,997.0313,997.0313,997.0313,997.0313,1.00e+00,1.00e+00,False,False
IPS7100_MHC_001,pressure,week_to_week,2025-11-16,2025-11-23,2016,2016,997.0313,997.0313,0.0,0.0,0.0,997.0313,997.0313,997.0313,997.0313,1.00e+00,1.00e+00,False,False
IPS7100_MHC_001,pressure,week_to_week,2025-11-23,2025-11-30,2016,1729,997.0313,997.0313,0.0,0.0,0.0,997.0313,997.0313,997.0313,997.0313,1.00e+00,1.00e+00,False,False
IPS7100_MHC_001,pressure,week_to_week,2025-11-30,2025-12-07,1729,2016,997.0313,997.0313,-0.0,0.0,0.0,997.0313,997.0313,997.0313,997.0313,1.00e+00,1.00e+00,False,False
IPS7100_MHC_001,pressure,week_to_week,2025-12-07,2025-12-14,2016,2016,997.0313,997.0313,0.0,0.0,0.0,997.0313,997.0313,997.0313,997.0313,1.00e+00,1.00e+00,False,False
IPS7100_MHC_001,pressure,week_to_week,2025-12-14,2025-12-21,2016,2016,997.0313,997.0313,0.0,0.0,0.0,997.0313,997.0313,997.0313,997.0313,1.00e+00,1.00e+00,False,False
IPS7100_MHC_001,pressure,week_to_week,2025-12-21,2025-12-28,2016,2016,997.0313,997.0313,0.0,0.0,0.0,997.0313,997.0313,997.0313,997.0313,1.00e+00,1.00e+00,False,False
IPS7100_MHC_001,pressure,week_to_week,2025-12-28,2026-01-04,2016,2016,997.0313,997.0313,0.0,0.0,0.0,997.0313,997.0313,997.0313,997.0313,1.00e+00,1.00e+00,False,False
IPS7100_MHC_001,pressure,week_to_week,2026-01-04,2026-01-11,2016,2016,997.0313,997.0313,0.0,0.0,0.0,997.0313,997.0313,997.0313,997.0313,1.00e+00,1.00e+00,False,False
IPS7100_MHC_001,pressure,week_to_week,2026-01-11,2026-01-18,2016,2016,997.0313,997.0313,0.0,0.0,0.0,997.0313,997.0313,997.0313,997.0313,1.00e+00,1.00e+00,False,False
IPS7100_MHC_001,pressure,week_to_week,2026-01-18,2026-01-25,2016,2016,997.0313,997.0313,0.0,0.0,0.0,997.0313,997.0313,997.0313,997.0313,1.00e+00,1.00e+00,False,False
IPS7100_MHC_001,pressure,week_to_week,2026-01-25,2026-02-01,2016,1729,997.0313,997.0313,0.0,0.0,0.0,997.0313,997.0313,997.0313,997.0313,1.00e+00,1.00e+00,False,False
IPS7100_MHC_001,pressure,week_to_week,2026-02-01,2026-02-08,1729,2016,997.0313,997.0313,-0.0,0.0,0.0,997.0313,997.0313,997.0313,997.0313,1.00e+00,1.00e+00,False,False
IPS7100_MHC_001,pressure,week_to_week,2026-02-08,2026-02-15,2016,1980,997.0313,1005.6711,8.6398,0.0,24.7869,997.0313,997.0313,994.7471,1150.3807,1.00e-15,1.00e-15,True,True
IPS7100_MHC_001,pressure,week_to_week,2026-02-15,2026-02-22,1980,2016,1005.6711,1013.4101,7.739,24.7869,23.3204,994.7471,1150.3807,981.1822,1074.4897,1.00e-15,1.00e-15,True,True
IPS7100_MHC_001,pressure,week_to_week,2026-02-22,2026-03-01,2016,2016,1013.4101,1006.2081,-7.202,23.3204,19.488,981.1822,1074.4897,979.4897,1089.0667,1.00e-15,1.00e-15,True,True
IPS7100_MHC_001,pressure,week_to_week,2026-03-01,2026-03-08,2016,2016,1006.2081,1023.1507,16.9427,19.488,16.0956,979.4897,1089.0667,990.5379,1069.1363,1.00e-15,1.00e-15,True,True
IPS7100_MHC_001,pressure,week_to_week,2026-03-08,2026-03-15,2016,2014,1023.1507,1027.6435,4.4927,16.0956,38.2269,990.5379,1069.1363,978.6963,1188.2378,1.24e-06,1.00e-15,True,True
IPS7100_MHC_001,pressure,week_to_week,2026-03-15,2026-03-22,2014,2016,1027.6435,1001.8955,-25.748,38.2269,9.553,978.6963,1188.2378,985.4116,1028.4512,1.00e-15,1.00e-15,True,True
IPS7100_MHC_001,pressure,week_to_week,2026-03-22,2026-03-29,2016,1729,1001.8955,1008.8673,6.9718,9.553,11.9959,985.4116,1028.4512,986.2828,1031.2296,1.00e-15,1.00e-15,True,True
IPS7100_MHC_001,pressure,week_to_week,2026-03-29,2026-04-05,1729,1982,1008.8673,1024.6141,15.7468,11.9959,26.2194,986.2828,1031.2296,988.4485,1198.2901,1.00e-15,1.00e-15,True,True
IPS7100_MHC_001,pressure,week_to_week,2026-04-05,2026-04-12,1982,2016,1024.6141,1027.6752,3.0611,26.2194,26.1251,988.4485,1198.2901,994.0843,1113.0567,2.22e-04,1.82e-10,True,True
IPS7100_MHC_001,pressure,week_to_week,2026-04-12,2026-04-19,2016,2016,1027.6752,1031.9236,4.2484,26.1251,15.7509,994.0843,1113.0567,1001.2032,1113.7527,4.59e-10,1.00e-15,True,True
IPS7100_MHC_001,pressure,week_to_week,2026-04-19,2026-04-26,2016,1974,1031.9236,1037.4758,5.5522,15.7509,31.9549,1001.2032,1113.7527,980.4174,1195.6664,4.94e-12,1.00e-15,True,True
IPS7100_MHC_001,pressure,week_to_week,2026-04-26,2026-05-03,1974,2016,1037.4758,1024.3079,-13.1679,31.9549,15.93,980.4174,1195.6664,984.4421,1061.1792,1.00e-15,1.00e-15,True,True
IPS7100_MHC_001,pressure,week_to_week,2026-05-03,2026-05-10,2016,2016,1024.3079,1021.1191,-3.1889,15.93,20.6553,984.4421,1061.1792,983.3347,1149.3484,4.34e-08,1.00e-15,True,True
IPS7100_MHC_001,pressure,week_to_week,2026-05-10,2026-05-17,2016,1876,1021.1191,1023.261,2.1419,20.6553,26.3429,983.3347,1149.3484,986.6401,1199.9576,5.01e-03,1.00e-15,True,True
IPS7100_MHC_001,pressure,week_to_week,2026-05-17,2026-05-24,1876,1896,1023.261,1039.4285,16.1674,26.3429,30.5068,986.6401,1199.9576,986.8134,1199.848,1.00e-15,3.84e-01,True,False
IPS7100_MHC_001,pressure,week_to_week,2026-05-24,2026-05-31,1896,702,1039.4285,1034.1143,-5.3142,30.5068,19.1908,986.8134,1199.848,985.3073,1197.5882,1.51e-07,1.00e-15,True,True
IPS7100_MHC_001,temperature,week_to_week,2024-08-04,2024-08-11,71,2016,38.4419,33.0979,-5.344,2.4858,5.1856,21.4003,41.4919,24.568,46.4757,1.00e-15,1.00e-15,True,True
IPS7100_MHC_001,temperature,week_to_week,2024-08-11,2024-08-18,2016,2009,33.0979,33.6446,0.5467,5.1856,4.9008,24.568,46.4757,26.1993,46.573,5.95e-04,1.05e-01,True,False
IPS7100_MHC_001,temperature,week_to_week,2024-08-18,2024-08-25,2009,2016,33.6446,32.7973,-0.8472,4.9008,5.1647,26.1993,46.573,24.8223,46.4169,9.96e-08,9.73e-02,True,False
IPS7100_MHC_001,temperature,week_to_week,2024-08-25,2024-09-01,2016,2016,32.7973,30.3218,-2.4755,5.1647,4.2548,24.8223,46.4169,23.0388,39.7049,1.00e-15,1.00e-15,True,True
IPS7100_MHC_001,temperature,week_to_week,2024-09-01,2024-09-08,2016,2016,30.3218,25.9216,-4.4002,4.2548,4.0986,23.0388,39.7049,13.4988,35.9488,1.00e-15,3.83e-08,True,True
IPS7100_MHC_001,temperature,week_to_week,2024-09-08,2024-09-15,2016,1951,25.9216,26.8868,0.9651,4.0986,6.1998,13.4988,35.9488,15.3808,42.889,9.02e-09,1.00e-15,True,True
IPS7100_MHC_001,temperature,week_to_week,2024-09-15,2024-09-22,1951,1482,26.8868,31.0037,4.1169,6.1998,5.08,15.3808,42.889,21.231,43.1529,1.00e-15,1.11e-14,True,True
IPS7100_MHC_001,temperature,week_to_week,2024-09-22,2024-09-29,1482,1986,31.0037,25.9659,-5.0378,5.08,5.0158,21.231,43.1529,18.3926,42.3283,1.00e-15,3.93e-01,True,False
IPS7100_MHC_001,temperature,week_to_week,2024-09-29,2024-10-06,1986,2016,25.9659,28.2347,2.2689,5.0158,5.7755,18.3926,42.3283,19.6416,43.5471,1.00e-15,1.00e-15,True,True
IPS7100_MHC_001,temperature,week_to_week,2024-10-06,2024-10-13,2016,2016,28.2347,26.609,-1.6257,5.7755,5.7594,19.6416,43.5471,17.6061,42.9321,1.00e-15,1.63e-01,True,False
IPS7100_MHC_001,temperature,week_to_week,2024-10-13,2024-10-20,2016,2015,26.609,20.6853,-5.9237,5.7594,6.7293,17.6061,42.9321,8.6278,40.9141,1.00e-15,2.98e-10,True,True
IPS7100_MHC_001,temperature,week_to_week,2024-10-20,2024-10-27,2015,2016,20.6853,25.0596,4.3743,6.7293,5.3183,8.6278,40.9141,13.9579,38.412,1.00e-15,1.00e-15,True,True
IPS7100_MHC_001,temperature,week_to_week,2024-10-27,2024-11-03,2016,2016,25.0596,22.9741,-2.0855,5.3183,3.9466,13.9579,38.412,13.8199,32.5268,1.00e-15,1.00e-15,True,True
IPS7100_MHC_001,temperature,week_to_week,2024-11-03,2024-11-10,2016,2016,22.9741,23.9851,1.011,3.9466,0.0,13.8199,32.5268,23.9851,23.9851,1.00e-15,1.00e-15,True,True
IPS7100_MHC_001,temperature,week_to_week,2024-11-10,2024-11-17,2016,1673,23.9851,23.9851,-0.0,0.0,0.0,23.9851,23.9851,23.9851,23.9851,1.00e+00,1.00e+00,False,False
IPS7100_MHC_001,temperature,week_to_week,2024-11-17,2024-11-24,1673,1989,23.9851,23.9851,0.0,0.0,0.0,23.9851,23.9851,23.9851,23.9851,1.00e+00,1.00e+00,False,False
IPS7100_MHC_001,temperature,week_to_week,2024-11-24,2024-12-01,1989,2016,23.9851,23.9851,0.0,0.0,0.0,23.9851,23.9851,23.9851,23.9851,1.00e+00,1.00e+00,False,False
IPS7100_MHC_001,temperature,week_to_week,2024-12-01,2024-12-08,2016,2016,23.9851,23.9851,0.0,0.0,0.0,23.9851,23.9851,23.9851,23.9851,1.00e+00,1.00e+00,False,False
IPS7100_MHC_001,temperature,week_to_week,2024-12-08,2024-12-15,2016,2016,23.9851,23.9851,0.0,0.0,0.0,23.9851,23.9851,23.9851,23.9851,1.00e+00,1.00e+00,False,False
IPS7100_MHC_001,temperature,week_to_week,2024-12-15,2024-12-22,2016,2015,23.9851,23.9851,-0.0,0.0,0.0,23.9851,23.9851,23.9851,23.9851,1.00e+00,1.00e+00,False,False
IPS7100_MHC_001,temperature,week_to_week,2024-12-22,2024-12-29,2015,1729,23.9851,23.9851,0.0,0.0,0.0,23.9851,23.9851,23.9851,23.9851,1.00e+00,1.00e+00,False,False
IPS7100_MHC_001,temperature,week_to_week,2024-12-29,2025-01-05,1729,2016,23.9851,23.9851,0.0,0.0,0.0,23.9851,23.9851,23.9851,23.9851,1.00e+00,1.00e+00,False,False
IPS7100_MHC_001,temperature,week_to_week,2025-01-05,2025-01-12,2016,2016,23.9851,23.9851,0.0,0.0,0.0,23.9851,23.9851,23.9851,23.9851,1.00e+00,1.00e+00,False,False
IPS7100_MHC_001,temperature,week_to_week,2025-01-12,2025-01-19,2016,2016,23.9851,23.9851,0.0,0.0,0.0,23.9851,23.9851,23.9851,23.9851,1.00e+00,1.00e+00,False,False
IPS7100_MHC_001,temperature,week_to_week,2025-01-19,2025-01-26,2016,2016,23.9851,23.9851,0.0,0.0,0.0,23.9851,23.9851,23.9851,23.9851,1.00e+00,1.00e+00,False,False
IPS7100_MHC_001,temperature,week_to_week,2025-01-26,2025-02-02,2016,2016,23.9851,23.9851,0.0,0.0,0.0,23.9851,23.9851,23.9851,23.9851,1.00e+00,1.00e+00,False,False
IPS7100_MHC_001,temperature,week_to_week,2025-02-02,2025-02-09,2016,2016,23.9851,23.9851,0.0,0.0,0.0,23.9851,23.9851,23.9851,23.9851,1.00e+00,1.00e+00,False,False
IPS7100_MHC_001,temperature,week_to_week,2025-02-09,2025-02-16,2016,2016,23.9851,23.9851,0.0,0.0,0.0,23.9851,23.9851,23.9851,23.9851,1.00e+00,1.00e+00,False,False
IPS7100_MHC_001,temperature,week_to_week,2025-02-16,2025-02-23,2016,2016,23.9851,23.9851,0.0,0.0,0.0,23.9851,23.9851,23.9851,23.9851,1.00e+00,1.00e+00,False,False
IPS7100_MHC_001,temperature,week_to_week,2025-02-23,2025-03-02,2016,1884,23.9851,23.9851,-0.0,0.0,0.0,23.9851,23.9851,23.9851,23.9851,1.00e+00,1.00e+00,False,False
IPS7100_MHC_001,temperature,week_to_week,2025-03-02,2025-03-09,1884,2016,23.9851,23.9851,0.0,0.0,0.0,23.9851,23.9851,23.9851,23.9851,1.00e+00,1.00e+00,False,False
IPS7100_MHC_001,temperature,week_to_week,2025-03-09,2025-03-16,2016,2016,23.9851,23.9851,0.0,0.0,0.0,23.9851,23.9851,23.9851,23.9851,1.00e+00,1.00e+00,False,False
IPS7100_MHC_001,temperature,week_to_week,2025-03-16,2025-03-23,2016,2015,23.9851,23.9851,-0.0,0.0,0.0,23.9851,23.9851,23.9851,23.9851,1.00e+00,1.00e+00,False,False
IPS7100_MHC_001,temperature,week_to_week,2025-03-23,2025-03-30,2015,2016,23.9851,23.9851,0.0,0.0,0.0,23.9851,23.9851,23.9851,23.9851,1.00e+00,1.00e+00,False,False
IPS7100_MHC_001,temperature,week_to_week,2025-03-30,2025-04-06,2016,1681,23.9851,21.1586,-2.8265,0.0,5.8668,23.9851,23.9851,5.3791,23.9851,1.00e-15,1.00e-15,True,True
IPS7100_MHC_001,temperature,week_to_week,2025-04-06,2025-04-13,1681,2016,21.1586,20.1989,-0.9597,5.8668,7.2761,5.3791,23.9851,5.3956,34.5912,9.35e-06,1.00e-15,True,True
IPS7100_MHC_001,temperature,week_to_week,2025-04-13,2025-04-20,2016,2016,20.1989,23.1057,2.9068,7.2761,4.235,5.3956,34.5912,14.1637,36.4058,1.00e-15,1.00e-15,True,True
IPS7100_MHC_001,temperature,week_to_week,2025-04-20,2025-04-27,2016,1881,23.1057,23.0759,-0.0298,4.235,4.6956,14.1637,36.4058,12.6537,35.2433,8.35e-01,1.34e-09,False,True
IPS7100_MHC_001,temperature,week_to_week,2025-04-27,2025-05-04,1881,2016,23.0759,21.1922,-1.8837,4.6956,4.3034,12.6537,35.2433,12.2579,32.0058,1.00e-15,2.02e-04,True,True
IPS7100_MHC_001,temperature,week_to_week,2025-05-04,2025-05-11,2016,2016,21.1922,20.463,-0.7291,4.3034,4.048,12.2579,32.0058,14.6068,30.6238,3.22e-08,4.53e-03,True,True
IPS7100_MHC_001,temperature,week_to_week,2025-05-11,2025-05-18,2016,2016,20.463,26.943,6.48,4.048,4.6631,14.6068,30.6238,16.2432,37.8979,1.00e-15,2.58e-08,True,True
IPS7100_MHC_001,temperature,week_to_week,2025-05-18,2025-05-25,2016,2016,26.943,27.4149,0.4719,4.6631,4.5658,16.2432,37.8979,18.1722,39.0597,1.18e-03,9.87e-02,True,False
IPS7100_MHC_001,temperature,week_to_week,2025-05-25,2025-06-01,2016,2016,27.4149,24.7319,-2.683,4.5658,5.1223,18.1722,39.0597,17.7232,37.338,1.00e-15,2.40e-14,True,True
IPS7100_MHC_001,temperature,week_to_week,2025-06-01,2025-06-08,2016,2012,24.7319,28.4503,3.7185,5.1223,4.5699,17.7232,37.338,19.6401,39.5405,1.00e-15,4.48e-12,True,True
IPS7100_MHC_001,temperature,week_to_week,2025-06-08,2025-06-15,2012,2016,28.4503,24.056,-4.3944,4.5699,3.7164,19.6401,39.5405,19.841,38.8546,1.00e-15,1.00e-15,True,True
IPS7100_MHC_001,temperature,week_to_week,2025-06-15,2025-06-22,2016,2016,24.056,27.9252,3.8693,3.7164,3.0775,19.841,38.8546,22.4818,41.1197,1.00e-15,1.00e-15,True,True
IPS7100_MHC_001,temperature,week_to_week,2025-06-22,2025-06-29,2016,2016,27.9252,26.8931,-1.0321,3.0775,0.0,22.4818,41.1197,26.8931,26.8931,1.00e-15,1.00e-15,True,True
IPS7100_MHC_001,temperature,week_to_week,2025-06-29,2025-07-06,2016,2016,26.8931,26.8931,0.0,0.0,0.0,26.8931,26.8931,26.8931,26.8931,1.00e+00,1.00e+00,False,False
IPS7100_MHC_001,temperature,week_to_week,2025-07-06,2025-07-13,2016,2015,26.8931,26.8931,0.0,0.0,0.0,26.8931,26.8931,26.8931,26.8931,1.00e+00,1.00e+00,False,False
IPS7100_MHC_001,temperature,week_to_week,2025-07-13,2025-07-20,2015,2016,26.8931,26.8931,0.0,0.0,0.0,26.8931,26.8931,26.8931,26.8931,1.00e+00,1.00e+00,False,False
IPS7100_MHC_001,temperature,week_to_week,2025-07-20,2025-07-27,2016,2016,26.8931,26.8931,-0.0,0.0,0.0,26.8931,26.8931,26.8931,26.8931,1.00e+00,1.00e+00,False,False
IPS7100_MHC_001,temperature,week_to_week,2025-07-27,2025-08-03,2016,2016,26.8931,26.8931,0.0,0.0,0.0,26.8931,26.8931,26.8931,26.8931,1.00e+00,1.00e+00,False,False
IPS7100_MHC_001,temperature,week_to_week,2025-08-03,2025-08-10,2016,2016,26.8931,26.8931,0.0,0.0,0.0,26.8931,26.8931,26.8931,26.8931,1.00e+00,1.00e+00,False,False
IPS7100_MHC_001,temperature,week_to_week,2025-08-10,2025-08-17,2016,2016,26.8931,26.8931,0.0,0.0,0.0,26.8931,26.8931,26.8931,26.8931,1.00e+00,1.00e+00,False,False
IPS7100_MHC_001,temperature,week_to_week,2025-08-17,2025-08-24,2016,2016,26.8931,30.1882,3.295,0.0,2.5992,26.8931,26.8931,26.8931,48.1564,1.00e-15,1.00e-15,True,True
IPS7100_MHC_001,temperature,week_to_week,2025-08-24,2025-08-31,2016,2016,30.1882,26.1106,-4.0776,2.5992,3.1313,26.8931,48.1564,24.8845,42.0369,1.00e-15,1.00e-15,True,True
IPS7100_MHC_001,temperature,week_to_week,2025-08-31,2025-09-07,2016,1728,26.1106,25.3605,-0.7501,3.1313,4.3136,24.8845,42.0369,20.1018,66.632,2.23e-09,1.00e-15,True,True
IPS7100_MHC_001,temperature,week_to_week,2025-09-07,2025-09-14,1728,2016,25.3605,21.2571,-4.1034,4.3136,4.3689,20.1018,66.632,18.9087,37.6125,1.00e-15,3.25e-07,True,True
IPS7100_MHC_001,temperature,week_to_week,2025-09-14,2025-09-21,2016,2016,21.2571,25.604,4.3469,4.3689,0.0,18.9087,37.6125,25.604,25.604,1.00e-15,1.00e-15,True,True
IPS7100_MHC_001,temperature,week_to_week,2025-09-21,2025-09-28,2016,2016,25.604,24.5754,-1.0286,0.0,3.29,25.604,25.604,20.1628,43.6536,1.00e-15,1.00e-15,True,True
IPS7100_MHC_001,temperature,week_to_week,2025-09-28,2025-10-05,2016,2016,24.5754,23.6171,-0.9584,3.29,4.4196,20.1628,43.6536,19.5209,38.9396,7.49e-15,1.00e-15,True,True
IPS7100_MHC_001,temperature,week_to_week,2025-10-05,2025-10-12,2016,2016,23.6171,22.5177,-1.0994,4.4196,3.214,19.5209,38.9396,17.7834,58.0658,1.00e-15,1.00e-15,True,True
IPS7100_MHC_001,temperature,week_to_week,2025-10-12,2025-10-19,2016,2016,22.5177,21.8551,-0.6626,3.214,2.8508,17.7834,58.0658,19.3484,41.2774,5.14e-12,5.00e-04,True,True
IPS7100_MHC_001,temperature,week_to_week,2025-10-19,2025-10-26,2016,2016,21.8551,21.1271,-0.728,2.8508,0.0,19.3484,41.2774,21.1271,21.1271,1.00e-15,1.00e-15,True,True
IPS7100_MHC_001,temperature,week_to_week,2025-10-26,2025-11-02,2016,2016,21.1271,21.1271,0.0,0.0,0.0,21.1271,21.1271,21.1271,21.1271,1.00e+00,1.00e+00,False,False
IPS7100_MHC_001,temperature,week_to_week,2025-11-02,2025-11-09,2016,2016,21.1271,21.1271,0.0,0.0,0.0,21.1271,21.1271,21.1271,21.1271,1.00e+00,1.00e+00,False,False
IPS7100_MHC_001,temperature,week_to_week,2025-11-09,2025-11-16,2016,2016,21.1271,21.1271,0.0,0.0,0.0,21.1271,21.1271,21.1271,21.1271,1.00e+00,1.00e+00,False,False
IPS7100_MHC_001,temperature,week_to_week,2025-11-16,2025-11-23,2016,2016,21.1271,21.1271,-0.0,0.0,0.0,21.1271,21.1271,21.1271,21.1271,1.00e+00,1.00e+00,False,False
IPS7100_MHC_001,temperature,week_to_week,2025-11-23,2025-11-30,2016,1729,21.1271,21.1271,0.0,0.0,0.0,21.1271,21.1271,21.1271,21.1271,1.00e+00,1.00e+00,False,False
IPS7100_MHC_001,temperature,week_to_week,2025-11-30,2025-12-07,1729,2016,21.1271,21.1271,-0.0,0.0,0.0,21.1271,21.1271,21.1271,21.1271,1.00e+00,1.00e+00,False,False
IPS7100_MHC_001,temperature,week_to_week,2025-12-07,2025-12-14,2016,2016,21.1271,21.1271,0.0,0.0,0.0,21.1271,21.1271,21.1271,21.1271,1.00e+00,1.00e+00,False,False
IPS7100_MHC_001,temperature,week_to_week,2025-12-14,2025-12-21,2016,2016,21.1271,21.1271,0.0,0.0,0.0,21.1271,21.1271,21.1271,21.1271,1.00e+00,1.00e+00,False,False
IPS7100_MHC_001,temperature,week_to_week,2025-12-21,2025-12-28,2016,2016,21.1271,21.1271,0.0,0.0,0.0,21.1271,21.1271,21.1271,21.1271,1.00e+00,1.00e+00,False,False
IPS7100_MHC_001,temperature,week_to_week,2025-12-28,2026-01-04,2016,2016,21.1271,21.1271,0.0,0.0,0.0,21.1271,21.1271,21.1271,21.1271,1.00e+00,1.00e+00,False,False
IPS7100_MHC_001,temperature,week_to_week,2026-01-04,2026-01-11,2016,2016,21.1271,21.1271,0.0,0.0,0.0,21.1271,21.1271,21.1271,21.1271,1.00e+00,1.00e+00,False,False
IPS7100_MHC_001,temperature,week_to_week,2026-01-11,2026-01-18,2016,2016,21.1271,21.1271,0.0,0.0,0.0,21.1271,21.1271,21.1271,21.1271,1.00e+00,1.00e+00,False,False
IPS7100_MHC_001,temperature,week_to_week,2026-01-18,2026-01-25,2016,2016,21.1271,21.1271,0.0,0.0,0.0,21.1271,21.1271,21.1271,21.1271,1.00e+00,1.00e+00,False,False
IPS7100_MHC_001,temperature,week_to_week,2026-01-25,2026-02-01,2016,1729,21.1271,21.1271,0.0,0.0,0.0,21.1271,21.1271,21.1271,21.1271,1.00e+00,1.00e+00,False,False
IPS7100_MHC_001,temperature,week_to_week,2026-02-01,2026-02-08,1729,2016,21.1271,21.1271,-0.0,0.0,0.0,21.1271,21.1271,21.1271,21.1271,1.00e+00,1.00e+00,False,False
IPS7100_MHC_001,temperature,week_to_week,2026-02-08,2026-02-15,2016,1980,21.1271,20.4353,-0.6918,0.0,2.0648,21.1271,21.1271,13.1095,25.7607,1.00e-15,1.00e-15,True,True
IPS7100_MHC_001,temperature,week_to_week,2026-02-15,2026-02-22,1980,2016,20.4353,15.9035,-4.5318,2.0648,5.6742,13.1095,25.7607,4.0714,29.1705,1.00e-15,1.00e-15,True,True
IPS7100_MHC_001,temperature,week_to_week,2026-02-22,2026-03-01,2016,2016,15.9035,18.3525,2.449,5.6742,7.183,4.0714,29.1705,2.3872,35.3591,1.00e-15,1.00e-15,True,True
IPS7100_MHC_001,temperature,week_to_week,2026-03-01,2026-03-08,2016,2016,18.3525,20.7874,2.4349,7.183,5.6421,2.3872,35.3591,7.9399,34.0958,1.00e-15,1.00e-15,True,True
IPS7100_MHC_001,temperature,week_to_week,2026-03-08,2026-03-15,2016,2014,20.7874,19.3504,-1.437,5.6421,5.4344,7.9399,34.0958,5.5287,32.8459,1.00e-15,8.52e-01,True,False
IPS7100_MHC_001,temperature,week_to_week,2026-03-15,2026-03-22,2014,2016,19.3504,17.7043,-1.646,5.4344,9.5302,5.5287,32.8459,1.1584,35.5647,1.95e-11,1.00e-15,True,True
IPS7100_MHC_001,temperature,week_to_week,2026-03-22,2026-03-29,2016,1729,17.7043,20.2178,2.5135,9.5302,5.9569,1.1584,35.5647,10.3759,32.7732,1.00e-15,1.00e-15,True,True
IPS7100_MHC_001,temperature,week_to_week,2026-03-29,2026-04-05,1729,2016,20.2178,22.2738,2.056,5.9569,4.6589,10.3759,32.7732,9.72,30.9559,1.00e-15,1.00e-15,True,True
IPS7100_MHC_001,temperature,week_to_week,2026-04-05,2026-04-12,2016,2016,22.2738,20.6119,-1.6619,4.6589,4.5842,9.72,30.9559,10.2881,30.1273,1.00e-15,6.96e-01,True,False
IPS7100_MHC_001,temperature,week_to_week,2026-04-12,2026-04-19,2016,2016,20.6119,21.9002,1.2883,4.5842,5.5409,10.2881,30.1273,6.3622,33.1153,1.17e-15,2.76e-04,True,True
IPS7100_MHC_001,temperature,week_to_week,2026-04-19,2026-04-26,2016,2016,21.9002,21.9979,0.0977,5.5409,5.7446,6.3622,33.1153,11.4547,37.7121,5.83e-01,5.83e-09,False,True
IPS7100_MHC_001,temperature,week_to_week,2026-04-26,2026-05-03,2016,2016,21.9979,21.5472,-0.4507,5.7446,6.1602,11.4547,37.7121,12.1735,41.1841,1.63e-02,1.79e-09,False,True
IPS7100_MHC_001,temperature,week_to_week,2026-05-03,2026-05-10,2016,2016,21.5472,22.1018,0.5546,6.1602,5.7554,12.1735,41.1841,12.0533,39.3653,3.16e-03,1.11e-12,True,True
IPS7100_MHC_001,temperature,week_to_week,2026-05-10,2026-05-17,2016,2016,22.1018,25.8545,3.7527,5.7554,5.707,12.0533,39.3653,14.9735,41.1572,1.00e-15,1.91e-02,True,False
IPS7100_MHC_001,temperature,week_to_week,2026-05-17,2026-05-24,2016,2016,25.8545,25.8798,0.0253,5.707,4.9008,14.9735,41.1572,17.7712,43.0561,8.80e-01,1.00e-15,False,True
IPS7100_MHC_001,temperature,week_to_week,2026-05-24,2026-05-31,2016,865,25.8798,25.7106,-0.1692,4.9008,4.2545,17.7712,43.0561,19.673,36.5792,3.51e-01,1.84e-03,False,True
